day,min_temp,max_temp,avg_temp
1993-01-01,-9.0,1.0,-4.0
1993-01-02,-9.0,-1.0,-5.0
1993-01-03,-4.0,1.0,-1.5
1993-01-04,-9.0,0.0,-4.5
1993-01-05,-5.0,2.0,-1.5
1993-01-06,-4.0,4.0,0.0
1993-01-07,-3.0,5.0,1.0
1993-01-08,-3.0,8.0,2.5
1993-01-09,-4.0,5.0,0.5
1993-01-10,-6.0,0.0,-3.0
1993-01-11,-1.0,3.0,1.0
1993-01-12,2.0,5.0,3.5
1993-01-13,-1.0,5.0,2.0
1993-01-14,0.0,8.0,4.0
1993-01-15,-2.0,8.0,3.0
1993-01-16,-3.0,7.0,2.0
1993-01-17,-5.0,1.0,-2.0
1993-01-18,-2.0,1.0,-0.5
1993-01-19,-3.0,3.0,0.0
1993-01-20,-3.0,5.0,1.0
1993-01-21,-4.0,4.0,0.0
1993-01-22,-4.0,5.0,0.5
1993-01-23,-2.0,2.0,0.0
1993-01-24,-1.0,3.0,1.0
1993-01-25,1.0,12.0,6.5
1993-01-26,-5.0,7.0,1.0
1993-01-27,-5.0,9.0,2.0
1993-01-28,-6.0,7.0,0.5
1993-01-29,-4.0,7.0,1.5
1993-01-30,-5.0,8.0,1.5
1993-01-31,-4.0,5.0,0.5
1993-02-01,-3.0,7.0,2.0
1993-02-02,-4.0,6.0,1.0
1993-02-03,-2.0,7.0,2.5
1993-02-04,-3.0,8.0,2.5
1993-02-05,-4.0,6.0,1.0
1993-02-06,-2.0,7.0,2.5
1993-02-07,-1.0,11.0,5.0
1993-02-08,-4.0,5.0,0.5
1993-02-09,-5.0,10.0,2.5
1993-02-10,-5.0,6.0,0.5
1993-02-11,-3.0,5.0,1.0
1993-02-12,-5.0,6.0,0.5
1993-02-13,-4.0,7.0,1.5
1993-02-14,-4.0,7.0,1.5
1993-02-15,-6.0,7.0,0.5
1993-02-16,-1.0,6.0,2.5
1993-02-17,-4.0,4.0,0.0
1993-02-18,-6.0,11.0,2.5
1993-02-19,-4.0,8.0,2.0
1993-02-20,-1.0,11.0,5.0
1993-02-21,-2.0,7.0,2.5
1993-02-22,-2.0,4.0,1.0
1993-02-23,-3.0,2.0,-0.5
1993-02-24,-3.0,5.0,1.0
1993-02-25,-5.0,8.0,1.5
1993-02-26,-5.0,7.0,1.0
1993-02-27,-5.0,7.0,1.0
1993-02-28,-2.0,5.0,1.5
1993-03-01,1.0,5.0,3.0
1993-03-02,1.0,8.0,4.5
1993-03-03,1.0,9.0,5.0
1993-03-04,0.0,10.0,5.0
1993-03-05,-1.0,7.0,3.0
1993-03-06,-5.0,14.0,4.5
1993-03-07,-2.0,13.0,5.5
1993-03-08,-2.0,12.0,5.0
1993-03-09,-5.0,12.0,3.5
1993-03-10,-3.0,12.0,4.5
1993-03-11,-2.0,15.0,6.5
1993-03-12,-1.0,14.0,6.5
1993-03-13,1.0,15.0,8.0
1993-03-14,4.0,15.0,9.5
1993-03-15,3.0,17.0,10.0
1993-03-16,-1.0,20.0,9.5
1993-03-17,0.0,27.0,13.5
1993-03-18,5.0,26.0,15.5
1993-03-19,5.0,25.0,15.0
1993-03-20,5.0,23.0,14.0
1993-03-21,3.0,20.0,11.5
1993-03-22,9.0,17.0,13.0
1993-03-23,9.0,16.0,12.5
1993-03-24,7.0,13.0,10.0
1993-03-25,6.0,11.0,8.5
1993-03-26,3.0,18.0,10.5
1993-03-27,0.0,10.0,5.0
1993-03-28,2.0,10.0,6.0
1993-03-29,-1.0,13.0,6.0
1993-03-30,-1.0,15.0,7.0
1993-03-31,-3.0,16.0,6.5
1993-04-01,-1.0,17.0,8.0
1993-04-02,6.0,19.0,12.5
1993-04-03,6.0,15.0,10.5
1993-04-04,4.0,12.0,8.0
1993-04-05,6.0,20.0,13.0
1993-04-06,3.0,21.0,12.0
1993-04-07,3.0,30.0,16.5
1993-04-08,6.0,23.0,14.5
1993-04-09,4.0,19.0,11.5
1993-04-10,6.0,15.0,10.5
1993-04-11,6.0,14.0,10.0
1993-04-12,5.0,13.0,9.0
1993-04-13,6.0,11.0,8.5
1993-04-14,5.0,26.0,15.5
1993-04-15,6.0,18.0,12.0
1993-04-16,3.0,23.0,13.0
1993-04-17,5.0,21.0,13.0
1993-04-18,2.0,22.0,12.0
1993-04-19,7.0,21.0,14.0
1993-04-20,5.0,24.0,14.5
1993-04-21,11.0,22.0,16.5
1993-04-22,6.0,24.0,15.0
1993-04-23,5.0,24.0,14.5
1993-04-24,8.0,24.0,16.0
1993-04-25,10.0,19.0,14.5
1993-04-26,10.0,24.0,17.0
1993-04-27,7.0,27.0,17.0
1993-04-28,12.0,19.0,15.5
1993-04-29,11.0,23.0,17.0
1993-04-30,11.0,17.0,14.0
1993-05-01,6.0,18.0,12.0
1993-05-02,7.0,22.0,14.5
1993-05-03,7.0,23.0,15.0
1993-05-04,10.0,26.0,18.0
1993-05-05,9.0,26.0,17.5
1993-05-06,9.0,22.0,15.5
1993-05-07,10.0,22.0,16.0
1993-05-08,9.0,24.0,16.5
1993-05-09,10.0,25.0,17.5
1993-05-10,12.0,27.0,19.5
1993-05-11,11.0,23.0,17.0
1993-05-12,11.0,22.0,16.5
1993-05-13,8.0,21.0,14.5
1993-05-14,7.0,24.0,15.5
1993-05-15,7.0,28.0,17.5
1993-05-16,11.0,25.0,18.0
1993-05-17,9.0,26.0,17.5
1993-05-18,9.0,26.0,17.5
1993-05-19,10.0,28.0,19.0
1993-05-20,15.0,34.0,24.5
1993-05-21,11.0,23.0,17.0
1993-05-22,9.0,25.0,17.0
1993-05-23,8.0,27.0,17.5
1993-05-24,10.0,28.0,19.0
1993-05-25,13.0,30.0,21.5
1993-05-26,13.0,30.0,21.5
1993-05-27,20.0,28.0,24.0
1993-05-28,13.0,26.0,19.5
1993-05-29,11.0,27.0,19.0
1993-05-30,11.0,27.0,19.0
1993-05-31,16.0,30.0,23.0
1993-06-01,13.0,29.0,21.0
1993-06-02,14.0,32.0,23.0
1993-06-03,13.0,21.0,17.0
1993-06-04,13.0,27.0,20.0
1993-06-05,10.0,31.0,20.5
1993-06-06,12.0,31.0,21.5
1993-06-07,16.0,32.0,24.0
1993-06-08,15.0,32.0,23.5
1993-06-09,18.0,31.0,24.5
1993-06-10,16.0,30.0,23.0
1993-06-11,15.0,27.0,21.0
1993-06-12,13.0,26.0,19.5
1993-06-13,13.0,21.0,17.0
1993-06-14,13.0,28.0,20.5
1993-06-15,13.0,28.0,20.5
1993-06-16,11.0,30.0,20.5
1993-06-17,18.0,29.0,23.5
1993-06-18,11.0,27.0,19.0
1993-06-19,11.0,29.0,20.0
1993-06-20,14.0,30.0,22.0
1993-06-21,14.0,28.0,21.0
1993-06-22,17.0,26.0,21.5
1993-06-23,16.0,24.0,20.0
1993-06-24,15.0,31.0,23.0
1993-06-25,12.0,26.0,19.0
1993-06-26,15.0,31.0,23.0
1993-06-27,10.0,28.0,19.0
1993-06-28,16.0,30.0,23.0
1993-06-29,13.0,21.0,17.0
1993-06-30,14.0,28.0,21.0
1993-07-01,15.0,29.0,22.0
1993-07-02,16.0,29.0,22.5
1993-07-03,17.0,30.0,23.5
1993-07-04,14.0,32.0,23.0
1993-07-05,16.0,31.0,23.5
1993-07-06,19.0,30.0,24.5
1993-07-07,16.0,31.0,23.5
1993-07-08,10.0,27.0,18.5
1993-07-09,17.0,28.0,22.5
1993-07-10,15.0,25.0,20.0
1993-07-11,12.0,23.0,17.5
1993-07-12,11.0,25.0,18.0
1993-07-13,8.0,27.0,17.5
1993-07-14,10.0,25.0,17.5
1993-07-15,14.0,26.0,20.0
1993-07-16,17.0,31.0,24.0
1993-07-17,16.0,30.0,23.0
1993-07-18,20.0,30.0,25.0
1993-07-19,17.0,26.0,21.5
1993-07-20,15.0,24.0,19.5
1993-07-21,14.0,28.0,21.0
1993-07-22,13.0,30.0,21.5
1993-07-23,9.0,30.0,19.5
1993-07-24,11.0,28.0,19.5
1993-07-25,15.0,27.0,21.0
1993-07-26,14.0,31.0,22.5
1993-07-27,14.0,26.0,20.0
1993-07-28,16.0,31.0,23.5
1993-07-29,17.0,32.0,24.5
1993-07-30,18.0,32.0,25.0
1993-07-31,16.0,32.0,24.0
1993-08-01,13.0,32.0,22.5
1993-08-02,17.0,32.0,24.5
1993-08-03,16.0,35.0,25.5
1993-08-04,17.0,34.0,25.5
1993-08-05,20.0,33.0,26.5
1993-08-06,17.0,32.0,24.5
1993-08-07,16.0,31.0,23.5
1993-08-08,17.0,31.0,24.0
1993-08-09,14.0,31.0,22.5
1993-08-10,12.0,28.0,20.0
1993-08-11,14.0,31.0,22.5
1993-08-12,17.0,29.0,23.0
1993-08-13,14.0,33.0,23.5
1993-08-14,15.0,33.0,24.0
1993-08-15,14.0,33.0,23.5
1993-08-16,17.0,35.0,26.0
1993-08-17,16.0,37.0,26.5
1993-08-18,16.0,33.0,24.5
1993-08-19,16.0,31.0,23.5
1993-08-20,17.0,36.0,26.5
1993-08-21,16.0,32.0,24.0
1993-08-22,17.0,32.0,24.5
1993-08-23,18.0,32.0,25.0
1993-08-24,18.0,29.0,23.5
1993-08-25,17.0,30.0,23.5
1993-08-26,16.0,27.0,21.5
1993-08-27,17.0,20.0,18.5
1993-08-28,15.0,27.0,21.0
1993-08-29,8.0,28.0,18.0
1993-08-30,7.0,23.0,15.0
1993-08-31,12.0,30.0,21.0
1993-09-01,9.0,28.0,18.5
1993-09-02,9.0,25.0,17.0
1993-09-03,11.0,22.0,16.5
1993-09-04,8.0,17.0,12.5
1993-09-05,6.0,26.0,16.0
1993-09-06,7.0,22.0,14.5
1993-09-07,10.0,23.0,16.5
1993-09-08,14.0,17.0,15.5
1993-09-09,15.0,19.0,17.0
1993-09-10,13.0,26.0,19.5
1993-09-11,11.0,24.0,17.5
1993-09-12,12.0,26.0,19.0
1993-09-13,13.0,19.0,16.0
1993-09-14,10.0,23.0,16.5
1993-09-15,7.0,23.0,15.0
1993-09-16,10.0,24.0,17.0
1993-09-17,11.0,24.0,17.5
1993-09-18,14.0,27.0,20.5
1993-09-19,14.0,27.0,20.5
1993-09-20,14.0,28.0,21.0
1993-09-21,15.0,29.0,22.0
1993-09-22,14.0,27.0,20.5
1993-09-23,15.0,28.0,21.5
1993-09-24,14.0,18.0,16.0
1993-09-25,14.0,17.0,15.5
1993-09-26,11.0,16.0,13.5
1993-09-27,9.0,18.0,13.5
1993-09-28,9.0,14.0,11.5
1993-09-29,7.0,20.0,13.5
1993-09-30,6.0,19.0,12.5
1993-10-01,11.0,16.0,13.5
1993-10-02,9.0,12.0,10.5
1993-10-03,9.0,18.0,13.5
1993-10-04,6.0,19.0,12.5
1993-10-05,4.0,17.0,10.5
1993-10-06,12.0,17.0,14.5
1993-10-07,9.0,17.0,13.0
1993-10-08,11.0,12.0,11.5
1993-10-09,10.0,17.0,13.5
1993-10-10,9.0,13.0,11.0
1993-10-11,11.0,14.0,12.5
1993-10-12,12.0,19.0,15.5
1993-10-13,14.0,21.0,17.5
1993-10-14,13.0,19.0,16.0
1993-10-15,7.0,17.0,12.0
1993-10-16,4.0,16.0,10.0
1993-10-17,10.0,12.0,11.0
1993-10-18,10.0,14.0,12.0
1993-10-19,11.0,14.0,12.5
1993-10-20,10.0,17.0,13.5
1993-10-21,7.0,15.0,11.0
1993-10-22,5.0,8.0,6.5
1993-10-23,5.0,13.0,9.0
1993-10-24,7.0,12.0,9.5
1993-10-25,7.0,12.0,9.5
1993-10-26,3.0,10.0,6.5
1993-10-27,2.0,10.0,6.0
1993-10-28,0.0,7.0,3.5
1993-10-29,-1.0,10.0,4.5
1993-10-30,0.0,6.0,3.0
1993-10-31,1.0,8.0,4.5
1993-11-01,4.0,10.0,7.0
1993-11-02,8.0,12.0,10.0
1993-11-03,7.0,15.0,11.0
1993-11-04,6.0,14.0,10.0
1993-11-05,9.0,12.0,10.5
1993-11-06,9.0,15.0,12.0
1993-11-07,9.0,16.0,12.5
1993-11-08,4.0,14.0,9.0
1993-11-09,5.0,12.0,8.5
1993-11-10,6.0,13.0,9.5
1993-11-11,5.0,13.0,9.0
1993-11-12,7.0,10.0,8.5
1993-11-13,3.0,11.0,7.0
1993-11-14,2.0,9.0,5.5
1993-11-15,3.0,13.0,8.0
1993-11-16,2.0,11.0,6.5
1993-11-17,-3.0,5.0,1.0
1993-11-18,-4.0,5.0,0.5
1993-11-19,-4.0,4.0,0.0
1993-11-20,-7.0,2.0,-2.5
1993-11-21,-2.0,1.0,-0.5
1993-11-22,-5.0,3.0,-1.0
1993-11-23,-5.0,2.0,-1.5
1993-11-24,-2.0,6.0,2.0
1993-11-25,-2.0,5.0,1.5
1993-11-26,-1.0,7.0,3.0
1993-11-27,-3.0,5.0,1.0
1993-11-28,-3.0,2.0,-0.5
1993-11-29,-5.0,3.0,-1.0
1993-11-30,-6.0,4.0,-1.0
1993-12-01,-3.0,4.0,0.5
1993-12-02,-2.0,4.0,1.0
1993-12-03,-1.0,7.0,3.0
1993-12-04,-2.0,3.0,0.5
1993-12-05,-2.0,7.0,2.5
1993-12-06,-3.0,7.0,2.0
1993-12-07,-3.0,2.0,-0.5
1993-12-08,-1.0,3.0,1.0
1993-12-09,0.0,6.0,3.0
1993-12-10,-2.0,2.0,0.0
1993-12-11,0.0,6.0,3.0
1993-12-12,-4.0,6.0,1.0
1993-12-13,-5.0,4.0,-0.5
1993-12-14,0.0,1.0,0.5
1993-12-15,0.0,4.0,2.0
1993-12-16,-2.0,7.0,2.5
1993-12-17,-1.0,7.0,3.0
1993-12-18,-2.0,3.0,0.5
1993-12-19,-3.0,4.0,0.5
1993-12-20,-2.0,5.0,1.5
1993-12-21,-1.0,7.0,3.0
1993-12-22,-4.0,10.0,3.0
1993-12-23,-6.0,1.0,-2.5
1993-12-24,-5.0,4.0,-0.5
1993-12-25,-7.0,4.0,-1.5
1993-12-26,-6.0,6.0,0.0
1993-12-27,-3.0,6.0,1.5
1993-12-28,-11.0,-1.0,-6.0
1993-12-29,-9.0,-2.0,-5.5
1993-12-30,-8.0,-1.0,-4.5
1993-12-31,-9.0,0.0,-4.5
1997-01-01,-3.0,1.0,-1.0
1997-01-02,-3.0,2.0,-0.5
1997-01-03,0.0,3.0,1.5
1997-01-04,1.0,3.0,2.0
1997-01-05,0.0,2.0,1.0
1997-01-06,0.0,4.0,2.0
1997-01-07,-1.0,4.0,1.5
1997-01-08,-3.0,2.0,-0.5
1997-01-09,-1.0,2.0,0.5
1997-01-10,-2.0,4.0,1.0
1997-01-11,0.0,8.0,4.0
1997-01-12,0.0,5.0,2.5
1997-01-13,-2.0,5.0,1.5
1997-01-14,-2.0,4.0,1.0
1997-01-15,-2.0,5.0,1.5
1997-01-16,-1.0,5.0,2.0
1997-01-17,-4.0,3.0,-0.5
1997-01-18,-5.0,1.0,-2.0
1997-01-19,-6.0,1.0,-2.5
1997-01-20,0.0,2.0,1.0
1997-01-21,1.0,5.0,3.0
1997-01-22,1.0,7.0,4.0
1997-01-23,0.0,7.0,3.5
1997-01-24,-1.0,7.0,3.0
1997-01-25,-1.0,5.0,2.0
1997-01-26,-1.0,6.0,2.5
1997-01-27,-2.0,5.0,1.5
1997-01-28,-2.0,5.0,1.5
1997-01-29,-3.0,3.0,0.0
1997-01-30,-4.0,5.0,0.5
1997-01-31,-4.0,6.0,1.0
1997-02-01,-4.0,6.0,1.0
1997-02-02,-7.0,6.0,-0.5
1997-02-03,-6.0,1.0,-2.5
1997-02-04,-6.0,4.0,-1.0
1997-02-05,0.0,4.0,2.0
1997-02-06,-3.0,11.0,4.0
1997-02-07,-4.0,3.0,-0.5
1997-02-08,-3.0,5.0,1.0
1997-02-09,-4.0,6.0,1.0
1997-02-10,-2.0,10.0,4.0
1997-02-11,-3.0,9.0,3.0
1997-02-12,1.0,7.0,4.0
1997-02-13,3.0,10.0,6.5
1997-02-14,1.0,8.0,4.5
1997-02-15,0.0,11.0,5.5
1997-02-16,-1.0,9.0,4.0
1997-02-17,-3.0,5.0,1.0
1997-02-18,-5.0,6.0,0.5
1997-02-19,-1.0,10.0,4.5
1997-02-20,-1.0,9.0,4.0
1997-02-21,-3.0,8.0,2.5
1997-02-22,-2.0,9.0,3.5
1997-02-23,-2.0,13.0,5.5
1997-02-24,3.0,7.0,5.0
1997-02-25,4.0,8.0,6.0
1997-02-26,5.0,14.0,9.5
1997-02-27,5.0,13.0,9.0
1997-02-28,0.0,13.0,6.5
1997-03-01,-1.0,13.0,6.0
1997-03-02,2.0,12.0,7.0
1997-03-03,2.0,17.0,9.5
1997-03-04,4.0,17.0,10.5
1997-03-05,7.0,18.0,12.5
1997-03-06,8.0,16.0,12.0
1997-03-07,3.0,15.0,9.0
1997-03-08,0.0,16.0,8.0
1997-03-09,-1.0,16.0,7.5
1997-03-10,2.0,18.0,10.0
1997-03-11,-1.0,17.0,8.0
1997-03-12,0.0,20.0,10.0
1997-03-13,2.0,21.0,11.5
1997-03-14,6.0,21.0,13.5
1997-03-15,4.0,22.0,13.0
1997-03-16,3.0,23.0,13.0
1997-03-17,3.0,25.0,14.0
1997-03-18,5.0,18.0,11.5
1997-03-19,6.0,18.0,12.0
1997-03-20,0.0,20.0,10.0
1997-03-21,2.0,15.0,8.5
1997-03-22,-2.0,18.0,8.0
1997-03-23,0.0,13.0,6.5
1997-03-24,6.0,19.0,12.5
1997-03-25,3.0,15.0,9.0
1997-03-26,3.0,21.0,12.0
1997-03-27,3.0,19.0,11.0
1997-03-28,3.0,19.0,11.0
1997-03-29,2.0,14.0,8.0
1997-03-30,2.0,15.0,8.5
1997-03-31,0.0,23.0,11.5
1997-04-01,6.0,24.0,15.0
1997-04-02,2.0,22.0,12.0
1997-04-03,4.0,26.0,15.0
1997-04-04,8.0,20.0,14.0
1997-04-05,2.0,18.0,10.0
1997-04-06,2.0,20.0,11.0
1997-04-07,4.0,19.0,11.5
1997-04-08,4.0,15.0,9.5
1997-04-09,-1.0,18.0,8.5
1997-04-10,4.0,26.0,15.0
1997-04-11,3.0,22.0,12.5
1997-04-12,8.0,19.0,13.5
1997-04-13,2.0,22.0,12.0
1997-04-14,2.0,18.0,10.0
1997-04-15,2.0,19.0,10.5
1997-04-16,0.0,14.0,7.0
1997-04-17,-1.0,18.0,8.5
1997-04-18,-1.0,19.0,9.0
1997-04-19,0.0,19.0,9.5
1997-04-20,6.0,14.0,10.0
1997-04-21,4.0,20.0,12.0
1997-04-22,3.0,16.0,9.5
1997-04-23,2.0,22.0,12.0
1997-04-24,1.0,20.0,10.5
1997-04-25,2.0,22.0,12.0
1997-04-26,8.0,21.0,14.5
1997-04-27,9.0,14.0,11.5
1997-04-28,7.0,22.0,14.5
1997-04-29,9.0,21.0,15.0
1997-04-30,7.0,24.0,15.5
1997-05-01,8.0,25.0,16.5
1997-05-02,8.0,25.0,16.5
1997-05-03,8.0,28.0,18.0
1997-05-04,8.0,25.0,16.5
1997-05-05,14.0,19.0,16.5
1997-05-06,8.0,15.0,11.5
1997-05-07,7.0,18.0,12.5
1997-05-08,6.0,16.0,11.0
1997-05-09,5.0,19.0,12.0
1997-05-10,9.0,20.0,14.5
1997-05-11,10.0,23.0,16.5
1997-05-12,12.0,19.0,15.5
1997-05-13,11.0,24.0,17.5
1997-05-14,11.0,32.0,21.5
1997-05-15,12.0,31.0,21.5
1997-05-16,13.0,29.0,21.0
1997-05-17,13.0,29.0,21.0
1997-05-18,11.0,27.0,19.0
1997-05-19,10.0,27.0,18.5
1997-05-20,11.0,26.0,18.5
1997-05-21,11.0,26.0,18.5
1997-05-22,11.0,26.0,18.5
1997-05-23,8.0,24.0,16.0
1997-05-24,11.0,26.0,18.5
1997-05-25,12.0,17.0,14.5
1997-05-26,13.0,24.0,18.5
1997-05-27,15.0,25.0,20.0
1997-05-28,14.0,25.0,19.5
1997-05-29,5.0,25.0,15.0
1997-05-30,6.0,30.0,18.0
1997-05-31,7.0,24.0,15.5
1997-06-01,9.0,16.0,12.5
1997-06-02,9.0,21.0,15.0
1997-06-03,8.0,25.0,16.5
1997-06-04,13.0,25.0,19.0
1997-06-05,14.0,21.0,17.5
1997-06-06,13.0,27.0,20.0
1997-06-07,15.0,29.0,22.0
1997-06-08,18.0,27.0,22.5
1997-06-09,16.0,30.0,23.0
1997-06-10,18.0,30.0,24.0
1997-06-11,18.0,29.0,23.5
1997-06-12,17.0,32.0,24.5
1997-06-13,17.0,29.0,23.0
1997-06-14,16.0,25.0,20.5
1997-06-15,16.0,30.0,23.0
1997-06-16,15.0,30.0,22.5
1997-06-17,17.0,30.0,23.5
1997-06-18,16.0,25.0,20.5
1997-06-19,14.0,19.0,16.5
1997-06-20,13.0,28.0,20.5
1997-06-21,14.0,26.0,20.0
1997-06-22,13.0,22.0,17.5
1997-06-23,11.0,27.0,19.0
1997-06-24,10.0,27.0,18.5
1997-06-25,8.0,23.0,15.5
1997-06-26,13.0,18.0,15.5
1997-06-27,12.0,14.0,13.0
1997-06-28,13.0,27.0,20.0
1997-06-29,14.0,26.0,20.0
1997-06-30,11.0,24.0,17.5
1997-07-01,9.0,24.0,16.5
1997-07-02,13.0,26.0,19.5
1997-07-03,16.0,26.0,21.0
1997-07-04,12.0,28.0,20.0
1997-07-05,15.0,22.0,18.5
1997-07-06,14.0,28.0,21.0
1997-07-07,12.0,24.0,18.0
1997-07-08,14.0,31.0,22.5
1997-07-09,14.0,29.0,21.5
1997-07-10,16.0,26.0,21.0
1997-07-11,16.0,30.0,23.0
1997-07-12,14.0,29.0,21.5
1997-07-13,14.0,31.0,22.5
1997-07-14,18.0,29.0,23.5
1997-07-15,16.0,33.0,24.5
1997-07-16,16.0,29.0,22.5
1997-07-17,18.0,28.0,23.0
1997-07-18,12.0,24.0,18.0
1997-07-19,12.0,30.0,21.0
1997-07-20,12.0,30.0,21.0
1997-07-21,10.0,30.0,20.0
1997-07-22,11.0,29.0,20.0
1997-07-23,15.0,30.0,22.5
1997-07-24,18.0,27.0,22.5
1997-07-25,18.0,32.0,25.0
1997-07-26,18.0,33.0,25.5
1997-07-27,14.0,30.0,22.0
1997-07-28,15.0,31.0,23.0
1997-07-29,13.0,27.0,20.0
1997-07-30,12.0,31.0,21.5
1997-07-31,13.0,30.0,21.5
1997-08-01,15.0,26.0,20.5
1997-08-02,10.0,29.0,19.5
1997-08-03,13.0,30.0,21.5
1997-08-04,16.0,32.0,24.0
1997-08-05,18.0,32.0,25.0
1997-08-06,17.0,32.0,24.5
1997-08-07,19.0,27.0,23.0
1997-08-08,17.0,30.0,23.5
1997-08-09,15.0,35.0,25.0
1997-08-10,17.0,31.0,24.0
1997-08-11,17.0,29.0,23.0
1997-08-12,17.0,31.0,24.0
1997-08-13,18.0,31.0,24.5
1997-08-14,15.0,33.0,24.0
1997-08-15,17.0,33.0,25.0
1997-08-16,16.0,31.0,23.5
1997-08-17,17.0,20.0,18.5
1997-08-18,16.0,28.0,22.0
1997-08-19,15.0,29.0,22.0
1997-08-20,16.0,30.0,23.0
1997-08-21,14.0,28.0,21.0
1997-08-22,13.0,30.0,21.5
1997-08-23,14.0,30.0,22.0
1997-08-24,16.0,30.0,23.0
1997-08-25,15.0,31.0,23.0
1997-08-26,17.0,30.0,23.5
1997-08-27,18.0,30.0,24.0
1997-08-28,18.0,26.0,22.0
1997-08-29,13.0,28.0,20.5
1997-08-30,12.0,25.0,18.5
1997-08-31,10.0,32.0,21.0
1997-09-01,13.0,31.0,22.0
1997-09-02,17.0,32.0,24.5
1997-09-03,15.0,31.0,23.0
1997-09-04,14.0,31.0,22.5
1997-09-05,16.0,31.0,23.5
1997-09-06,16.0,31.0,23.5
1997-09-07,17.0,26.0,21.5
1997-09-08,15.0,30.0,22.5
1997-09-09,16.0,32.0,24.0
1997-09-10,14.0,33.0,23.5
1997-09-11,13.0,26.0,19.5
1997-09-12,16.0,28.0,22.0
1997-09-13,16.0,23.0,19.5
1997-09-14,12.0,28.0,20.0
1997-09-15,7.0,26.0,16.5
1997-09-16,8.0,27.0,17.5
1997-09-17,8.0,28.0,18.0
1997-09-18,10.0,29.0,19.5
1997-09-19,10.0,29.0,19.5
1997-09-20,10.0,26.0,18.0
1997-09-21,15.0,23.0,19.0
1997-09-22,11.0,26.0,18.5
1997-09-23,9.0,26.0,17.5
1997-09-24,10.0,28.0,19.0
1997-09-25,8.0,24.0,16.0
1997-09-26,8.0,21.0,14.5
1997-09-27,7.0,25.0,16.0
1997-09-28,6.0,23.0,14.5
1997-09-29,12.0,25.0,18.5
1997-09-30,9.0,25.0,17.0
1997-10-01,8.0,23.0,15.5
1997-10-02,11.0,26.0,18.5
1997-10-03,12.0,24.0,18.0
1997-10-04,9.0,22.0,15.5
1997-10-05,7.0,21.0,14.0
1997-10-06,12.0,21.0,16.5
1997-10-07,15.0,21.0,18.0
1997-10-08,16.0,24.0,20.0
1997-10-09,12.0,23.0,17.5
1997-10-10,15.0,21.0,18.0
1997-10-11,7.0,21.0,14.0
1997-10-12,8.0,19.0,13.5
1997-10-13,7.0,18.0,12.5
1997-10-14,6.0,15.0,10.5
1997-10-15,-1.0,14.0,6.5
1997-10-16,1.0,12.0,6.5
1997-10-17,0.0,15.0,7.5
1997-10-18,2.0,13.0,7.5
1997-10-19,2.0,12.0,7.0
1997-10-20,3.0,18.0,10.5
1997-10-21,9.0,17.0,13.0
1997-10-22,10.0,15.0,12.5
1997-10-23,9.0,15.0,12.0
1997-10-24,7.0,18.0,12.5
1997-10-25,-1.0,12.0,5.5
1997-10-26,-2.0,9.0,3.5
1997-10-27,0.0,12.0,6.0
1997-10-28,-4.0,8.0,2.0
1997-10-29,-5.0,4.0,-0.5
1997-10-30,-5.0,8.0,1.5
1997-10-31,1.0,11.0,6.0
1997-11-01,-2.0,9.0,3.5
1997-11-02,0.0,8.0,4.0
1997-11-03,0.0,9.0,4.5
1997-11-04,-2.0,12.0,5.0
1997-11-05,6.0,10.0,8.0
1997-11-06,7.0,10.0,8.5
1997-11-07,9.0,16.0,12.5
1997-11-08,7.0,14.0,10.5
1997-11-09,5.0,11.0,8.0
1997-11-10,5.0,11.0,8.0
1997-11-11,7.0,12.0,9.5
1997-11-12,5.0,8.0,6.5
1997-11-13,3.0,13.0,8.0
1997-11-14,-2.0,11.0,4.5
1997-11-15,-2.0,7.0,2.5
1997-11-16,-2.0,6.0,2.0
1997-11-17,-3.0,7.0,2.0
1997-11-18,-3.0,4.0,0.5
1997-11-19,-1.0,6.0,2.5
1997-11-20,-2.0,6.0,2.0
1997-11-21,-2.0,7.0,2.5
1997-11-22,-1.0,7.0,3.0
1997-11-23,1.0,8.0,4.5
1997-11-24,0.0,8.0,4.0
1997-11-25,3.0,7.0,5.0
1997-11-26,-1.0,9.0,4.0
1997-11-27,-1.0,8.0,3.5
1997-11-28,4.0,8.0,6.0
1997-11-29,5.0,8.0,6.5
1997-11-30,6.0,11.0,8.5
1997-12-01,2.0,13.0,7.5
1997-12-02,-1.0,7.0,3.0
1997-12-03,4.0,8.0,6.0
1997-12-04,-2.0,8.0,3.0
1997-12-05,-2.0,2.0,0.0
1997-12-06,-6.0,2.0,-2.0
1997-12-07,-7.0,0.0,-3.5
1997-12-08,-5.0,3.0,-1.0
1997-12-09,-4.0,3.0,-0.5
1997-12-10,-2.0,4.0,1.0
1997-12-11,-3.0,4.0,0.5
1997-12-12,-1.0,9.0,4.0
1997-12-13,-2.0,11.0,4.5
1997-12-14,-2.0,7.0,2.5
1997-12-15,-2.0,6.0,2.0
1997-12-16,-1.0,2.0,0.5
1997-12-17,-3.0,2.0,-0.5
1997-12-18,0.0,1.0,0.5
1997-12-19,0.0,4.0,2.0
1997-12-20,3.0,5.0,4.0
1997-12-21,3.0,8.0,5.5
1997-12-22,5.0,9.0,7.0
1997-12-23,4.0,8.0,6.0
1997-12-24,0.0,7.0,3.5
1997-12-25,1.0,4.0,2.5
1997-12-26,3.0,4.0,3.5
1997-12-27,0.0,8.0,4.0
1997-12-28,-1.0,4.0,1.5
1997-12-29,-2.0,4.0,1.0
1997-12-30,-4.0,3.0,-0.5
1997-12-31,-5.0,3.0,-1.0
2001-01-01,-4.0,1.0,-1.5
2001-01-02,-3.0,1.0,-1.0
2001-01-03,-4.0,3.0,-0.5
2001-01-04,0.0,2.0,1.0
2001-01-05,-2.0,4.0,1.0
2001-01-06,0.0,2.0,1.0
2001-01-07,1.0,3.0,2.0
2001-01-08,2.0,8.0,5.0
2001-01-09,2.0,8.0,5.0
2001-01-10,1.0,3.0,2.0
2001-01-11,2.0,5.0,3.5
2001-01-12,0.0,6.0,3.0
2001-01-13,0.0,6.0,3.0
2001-01-14,-4.0,4.0,0.0
2001-01-15,-7.0,0.0,-3.5
2001-01-16,-7.0,-2.0,-4.5
2001-01-17,-8.0,0.0,-4.0
2001-01-18,-2.0,2.0,0.0
2001-01-19,-3.0,4.0,0.5
2001-01-20,-1.0,3.0,1.0
2001-01-21,-4.0,2.0,-1.0
2001-01-22,-3.0,1.0,-1.0
2001-01-23,0.0,5.0,2.5
2001-01-24,1.0,3.0,2.0
2001-01-25,2.0,5.0,3.5
2001-01-26,1.0,6.0,3.5
2001-01-27,2.0,6.0,4.0
2001-01-28,-1.0,4.0,1.5
2001-01-29,-1.0,6.0,2.5
2001-01-30,4.0,9.0,6.5
2001-01-31,0.0,8.0,4.0
2001-02-01,-2.0,5.0,1.5
2001-02-02,-6.0,5.0,-0.5
2001-02-03,-6.0,3.0,-1.5
2001-02-04,-6.0,5.0,-0.5
2001-02-05,-2.0,7.0,2.5
2001-02-06,-1.0,7.0,3.0
2001-02-07,4.0,8.0,6.0
2001-02-08,3.0,9.0,6.0
2001-02-09,4.0,9.0,6.5
2001-02-10,3.0,11.0,7.0
2001-02-11,2.0,10.0,6.0
2001-02-12,-1.0,10.0,4.5
2001-02-13,0.0,13.0,6.5
2001-02-14,0.0,13.0,6.5
2001-02-15,-2.0,7.0,2.5
2001-02-16,-1.0,7.0,3.0
2001-02-17,-3.0,9.0,3.0
2001-02-18,1.0,14.0,7.5
2001-02-19,0.0,12.0,6.0
2001-02-20,0.0,14.0,7.0
2001-02-21,-2.0,11.0,4.5
2001-02-22,8.0,14.0,11.0
2001-02-23,0.0,13.0,6.5
2001-02-24,0.0,10.0,5.0
2001-02-25,-3.0,7.0,2.0
2001-02-26,-2.0,5.0,1.5
2001-02-27,-5.0,6.0,0.5
2001-02-28,-2.0,3.0,0.5
2001-03-01,-1.0,7.0,3.0
2001-03-02,-1.0,8.0,3.5
2001-03-03,0.0,3.0,1.5
2001-03-04,2.0,11.0,6.5
2001-03-05,6.0,17.0,11.5
2001-03-06,5.0,11.0,8.0
2001-03-07,5.0,10.0,7.5
2001-03-08,6.0,7.0,6.5
2001-03-09,4.0,7.0,5.5
2001-03-10,5.0,10.0,7.5
2001-03-11,6.0,16.0,11.0
2001-03-12,7.0,11.0,9.0
2001-03-13,6.0,16.0,11.0
2001-03-14,5.0,20.0,12.5
2001-03-15,1.0,17.0,9.0
2001-03-16,6.0,15.0,10.5
2001-03-17,7.0,11.0,9.0
2001-03-18,5.0,17.0,11.0
2001-03-19,9.0,18.0,13.5
2001-03-20,6.0,18.0,12.0
2001-03-21,6.0,14.0,10.0
2001-03-22,10.0,21.0,15.5
2001-03-23,7.0,21.0,14.0
2001-03-24,6.0,20.0,13.0
2001-03-25,7.0,19.0,13.0
2001-03-26,6.0,17.0,11.5
2001-03-27,8.0,21.0,14.5
2001-03-28,8.0,14.0,11.0
2001-03-29,7.0,12.0,9.5
2001-03-30,5.0,11.0,8.0
2001-03-31,6.0,22.0,14.0
2001-04-01,3.0,20.0,11.5
2001-04-02,4.0,22.0,13.0
2001-04-03,3.0,21.0,12.0
2001-04-04,8.0,17.0,12.5
2001-04-05,6.0,17.0,11.5
2001-04-06,4.0,19.0,11.5
2001-04-07,6.0,13.0,9.5
2001-04-08,5.0,18.0,11.5
2001-04-09,6.0,20.0,13.0
2001-04-10,2.0,19.0,10.5
2001-04-11,7.0,16.0,11.5
2001-04-12,8.0,22.0,15.0
2001-04-13,5.0,18.0,11.5
2001-04-14,2.0,13.0,7.5
2001-04-15,0.0,15.0,7.5
2001-04-16,7.0,14.0,10.5
2001-04-17,4.0,19.0,11.5
2001-04-18,1.0,15.0,8.0
2001-04-19,8.0,16.0,12.0
2001-04-20,4.0,9.0,6.5
2001-04-21,3.0,10.0,6.5
2001-04-22,4.0,19.0,11.5
2001-04-23,3.0,18.0,10.5
2001-04-24,2.0,22.0,12.0
2001-04-25,7.0,14.0,10.5
2001-04-26,9.0,24.0,16.5
2001-04-27,6.0,20.0,13.0
2001-04-28,5.0,24.0,14.5
2001-04-29,8.0,21.0,14.5
2001-04-30,6.0,21.0,13.5
2001-05-01,10.0,27.0,18.5
2001-05-02,9.0,28.0,18.5
2001-05-03,11.0,20.0,15.5
2001-05-04,10.0,22.0,16.0
2001-05-05,11.0,22.0,16.5
2001-05-06,11.0,23.0,17.0
2001-05-07,12.0,26.0,19.0
2001-05-08,11.0,29.0,20.0
2001-05-09,12.0,25.0,18.5
2001-05-10,11.0,27.0,19.0
2001-05-11,10.0,29.0,19.5
2001-05-12,9.0,29.0,19.0
2001-05-13,8.0,25.0,16.5
2001-05-14,15.0,24.0,19.5
2001-05-15,13.0,19.0,16.0
2001-05-16,13.0,24.0,18.5
2001-05-17,15.0,24.0,19.5
2001-05-18,15.0,25.0,20.0
2001-05-19,8.0,28.0,18.0
2001-05-20,7.0,26.0,16.5
2001-05-21,12.0,17.0,14.5
2001-05-22,12.0,26.0,19.0
2001-05-23,16.0,26.0,21.0
2001-05-24,15.0,28.0,21.5
2001-05-25,14.0,30.0,22.0
2001-05-26,13.0,31.0,22.0
2001-05-27,14.0,30.0,22.0
2001-05-28,17.0,33.0,25.0
2001-05-29,18.0,34.0,26.0
2001-05-30,17.0,34.0,25.5
2001-05-31,16.0,29.0,22.5
2001-06-01,14.0,27.0,20.5
2001-06-02,11.0,21.0,16.0
2001-06-03,9.0,17.0,13.0
2001-06-04,6.0,26.0,16.0
2001-06-05,9.0,25.0,17.0
2001-06-06,12.0,20.0,16.0
2001-06-07,9.0,27.0,18.0
2001-06-08,15.0,27.0,21.0
2001-06-09,16.0,23.0,19.5
2001-06-10,14.0,21.0,17.5
2001-06-11,10.0,24.0,17.0
2001-06-12,8.0,25.0,16.5
2001-06-13,9.0,27.0,18.0
2001-06-14,12.0,31.0,21.5
2001-06-15,12.0,29.0,20.5
2001-06-16,14.0,27.0,20.5
2001-06-17,13.0,25.0,19.0
2001-06-18,10.0,28.0,19.0
2001-06-19,13.0,28.0,20.5
2001-06-20,12.0,32.0,22.0
2001-06-21,9.0,30.0,19.5
2001-06-22,12.0,29.0,20.5
2001-06-23,13.0,32.0,22.5
2001-06-24,16.0,34.0,25.0
2001-06-25,15.0,34.0,24.5
2001-06-26,20.0,32.0,26.0
2001-06-27,16.0,32.0,24.0
2001-06-28,17.0,24.0,20.5
2001-06-29,17.0,32.0,24.5
2001-06-30,18.0,32.0,25.0
2001-07-01,17.0,32.0,24.5
2001-07-02,15.0,33.0,24.0
2001-07-03,15.0,30.0,22.5
2001-07-04,19.0,28.0,23.5
2001-07-05,19.0,30.0,24.5
2001-07-06,20.0,31.0,25.5
2001-07-07,17.0,31.0,24.0
2001-07-08,15.0,31.0,23.0
2001-07-09,18.0,30.0,24.0
2001-07-10,17.0,29.0,23.0
2001-07-11,15.0,30.0,22.5
2001-07-12,20.0,31.0,25.5
2001-07-13,19.0,29.0,24.0
2001-07-14,17.0,31.0,24.0
2001-07-15,18.0,31.0,24.5
2001-07-16,16.0,28.0,22.0
2001-07-17,17.0,29.0,23.0
2001-07-18,13.0,25.0,19.0
2001-07-19,16.0,28.0,22.0
2001-07-20,14.0,23.0,18.5
2001-07-21,13.0,32.0,22.5
2001-07-22,12.0,31.0,21.5
2001-07-23,13.0,32.0,22.5
2001-07-24,17.0,31.0,24.0
2001-07-25,16.0,32.0,24.0
2001-07-26,17.0,32.0,24.5
2001-07-27,17.0,31.0,24.0
2001-07-28,17.0,31.0,24.0
2001-07-29,20.0,33.0,26.5
2001-07-30,19.0,36.0,27.5
2001-07-31,18.0,34.0,26.0
2001-08-01,19.0,34.0,26.5
2001-08-02,17.0,34.0,25.5
2001-08-03,19.0,34.0,26.5
2001-08-04,18.0,31.0,24.5
2001-08-05,19.0,31.0,25.0
2001-08-06,18.0,28.0,23.0
2001-08-07,15.0,31.0,23.0
2001-08-08,17.0,28.0,22.5
2001-08-09,18.0,28.0,23.0
2001-08-10,18.0,23.0,20.5
2001-08-11,14.0,28.0,21.0
2001-08-12,10.0,28.0,19.0
2001-08-13,13.0,30.0,21.5
2001-08-14,14.0,32.0,23.0
2001-08-15,14.0,33.0,23.5
2001-08-16,16.0,33.0,24.5
2001-08-17,17.0,34.0,25.5
2001-08-18,17.0,23.0,20.0
2001-08-19,16.0,31.0,23.5
2001-08-20,16.0,24.0,20.0
2001-08-21,16.0,32.0,24.0
2001-08-22,14.0,32.0,23.0
2001-08-23,15.0,32.0,23.5
2001-08-24,17.0,32.0,24.5
2001-08-25,18.0,33.0,25.5
2001-08-26,18.0,34.0,26.0
2001-08-27,19.0,34.0,26.5
2001-08-28,18.0,34.0,26.0
2001-08-29,16.0,34.0,25.0
2001-08-30,18.0,27.0,22.5
2001-08-31,13.0,25.0,19.0
2001-09-01,12.0,20.0,16.0
2001-09-02,11.0,25.0,18.0
2001-09-03,10.0,26.0,18.0
2001-09-04,13.0,17.0,15.0
2001-09-05,13.0,26.0,19.5
2001-09-06,12.0,28.0,20.0
2001-09-07,9.0,25.0,17.0
2001-09-08,11.0,23.0,17.0
2001-09-09,12.0,25.0,18.5
2001-09-10,8.0,23.0,15.5
2001-09-11,7.0,24.0,15.5
2001-09-12,7.0,24.0,15.5
2001-09-13,5.0,23.0,14.0
2001-09-14,9.0,19.0,14.0
2001-09-15,7.0,25.0,16.0
2001-09-16,6.0,18.0,12.0
2001-09-17,4.0,21.0,12.5
2001-09-18,3.0,20.0,11.5
2001-09-19,7.0,16.0,11.5
2001-09-20,8.0,21.0,14.5
2001-09-21,9.0,23.0,16.0
2001-09-22,10.0,19.0,14.5
2001-09-23,13.0,15.0,14.0
2001-09-24,13.0,19.0,16.0
2001-09-25,12.0,18.0,15.0
2001-09-26,8.0,22.0,15.0
2001-09-27,7.0,22.0,14.5
2001-09-28,8.0,22.0,15.0
2001-09-29,8.0,20.0,14.0
2001-09-30,12.0,16.0,14.0
2001-10-01,13.0,22.0,17.5
2001-10-02,14.0,20.0,17.0
2001-10-03,12.0,22.0,17.0
2001-10-04,11.0,16.0,13.5
2001-10-05,10.0,20.0,15.0
2001-10-06,12.0,21.0,16.5
2001-10-07,15.0,18.0,16.5
2001-10-08,13.0,22.0,17.5
2001-10-09,9.0,22.0,15.5
2001-10-10,10.0,19.0,14.5
2001-10-11,10.0,17.0,13.5
2001-10-12,10.0,16.0,13.0
2001-10-13,10.0,15.0,12.5
2001-10-14,9.0,14.0,11.5
2001-10-15,9.0,16.0,12.5
2001-10-16,9.0,18.0,13.5
2001-10-17,8.0,19.0,13.5
2001-10-18,9.0,19.0,14.0
2001-10-19,9.0,19.0,14.0
2001-10-20,14.0,18.0,16.0
2001-10-21,11.0,18.0,14.5
2001-10-22,7.0,14.0,10.5
2001-10-23,7.0,15.0,11.0
2001-10-24,10.0,16.0,13.0
2001-10-25,7.0,15.0,11.0
2001-10-26,7.0,14.0,10.5
2001-10-27,9.0,16.0,12.5
2001-10-28,8.0,13.0,10.5
2001-10-29,6.0,13.0,9.5
2001-10-30,5.0,15.0,10.0
2001-10-31,5.0,14.0,9.5
2001-11-01,7.0,17.0,12.0
2001-11-02,1.0,11.0,6.0
2001-11-03,-1.0,6.0,2.5
2001-11-04,-1.0,7.0,3.0
2001-11-05,3.0,12.0,7.5
2001-11-06,3.0,10.0,6.5
2001-11-07,2.0,11.0,6.5
2001-11-08,7.0,10.0,8.5
2001-11-09,5.0,9.0,7.0
2001-11-10,2.0,9.0,5.5
2001-11-11,5.0,9.0,7.0
2001-11-12,5.0,11.0,8.0
2001-11-13,8.0,15.0,11.5
2001-11-14,3.0,12.0,7.5
2001-11-15,-2.0,6.0,2.0
2001-11-16,-2.0,7.0,2.5
2001-11-17,-5.0,3.0,-1.0
2001-11-18,-3.0,3.0,0.0
2001-11-19,-2.0,8.0,3.0
2001-11-20,-5.0,4.0,-0.5
2001-11-21,-6.0,1.0,-2.5
2001-11-22,-5.0,3.0,-1.0
2001-11-23,1.0,7.0,4.0
2001-11-24,-5.0,5.0,0.0
2001-11-25,-6.0,1.0,-2.5
2001-11-26,-4.0,4.0,0.0
2001-11-27,-1.0,3.0,1.0
2001-11-28,1.0,4.0,2.5
2001-11-29,0.0,8.0,4.0
2001-11-30,-2.0,3.0,0.5
2001-12-01,0.0,8.0,4.0
2001-12-02,4.0,8.0,6.0
2001-12-03,2.0,10.0,6.0
2001-12-04,2.0,8.0,5.0
2001-12-05,1.0,8.0,4.5
2001-12-06,-1.0,13.0,6.0
2001-12-07,3.0,11.0,7.0
2001-12-08,-4.0,8.0,2.0
2001-12-09,-6.0,0.0,-3.0
2001-12-10,-5.0,0.0,-2.5
2001-12-11,-5.0,1.0,-2.0
2001-12-12,-7.0,0.0,-3.5
2001-12-13,-8.0,6.0,-1.0
2001-12-14,-6.0,0.0,-3.0
2001-12-15,-7.0,2.0,-2.5
2001-12-16,-10.0,-2.0,-6.0
2001-12-17,-11.0,-3.0,-7.0
2001-12-18,-10.0,-2.0,-6.0
2001-12-19,-10.0,-3.0,-6.5
2001-12-20,-10.0,1.0,-4.5
2001-12-21,-6.0,1.0,-2.5
2001-12-22,-8.0,1.0,-3.5
2001-12-23,-8.0,5.0,-1.5
2001-12-24,-7.0,-1.0,-4.0
2001-12-25,-9.0,-2.0,-5.5
2001-12-26,-5.0,2.0,-1.5
2001-12-27,-7.0,5.0,-1.0
2001-12-28,-8.0,2.0,-3.0
2001-12-29,-10.0,-1.0,-5.5
2001-12-30,-2.0,10.0,4.0
2001-12-31,-1.0,6.0,2.5
2005-01-01,-2.0,2.4,0.2
2005-01-02,-1.5,4.1,1.3
2005-01-03,-0.4,9.2,4.4
2005-01-04,-1.4,7.8,3.2
2005-01-05,-2.4,5.4,1.5
2005-01-06,-4.4,9.3,2.45
2005-01-07,-2.0,7.0,2.5
2005-01-08,-3.2,2.8,-0.2
2005-01-09,-3.3,2.4,-0.45
2005-01-10,-1.8,3.8,1.0
2005-01-11,-4.0,3.2,-0.4
2005-01-12,-3.0,3.3,0.15
2005-01-13,-2.3,5.4,1.55
2005-01-14,-5.0,1.4,-1.8
2005-01-15,-5.8,0.4,-2.7
2005-01-16,-6.0,0.4,-2.8
2005-01-17,-5.4,0.8,-2.3
2005-01-18,-6.3,0.4,-2.95
2005-01-19,-0.4,10.0,4.8
2005-01-20,-3.6,5.6,1.0
2005-01-21,-4.4,11.0,3.3
2005-01-22,1.4,9.6,5.5
2005-01-23,-2.0,3.8,0.9
2005-01-24,-3.1,4.4,0.65
2005-01-25,-3.0,3.6,0.3
2005-01-26,-0.4,3.2,1.4
2005-01-27,-0.8,4.5,1.85
2005-01-28,-4.1,0.9,-1.6
2005-01-29,-4.1,3.7,-0.2
2005-01-30,-6.0,5.0,-0.5
2005-01-31,-6.7,7.0,0.15
2005-02-01,0.4,9.0,4.7
2005-02-02,-2.2,9.6,3.7
2005-02-03,-3.3,12.2,4.45
2005-02-04,-2.4,6.8,2.2
2005-02-05,-2.4,4.6,1.1
2005-02-06,-6.0,3.2,-1.4
2005-02-07,-6.8,4.0,-1.4
2005-02-08,-4.4,2.2,-1.1
2005-02-09,-2.6,5.2,1.3
2005-02-10,-2.4,5.8,1.7
2005-02-11,-2.8,9.3,3.25
2005-02-12,-1.1,8.0,3.45
2005-02-13,2.2,10.4,6.3
2005-02-14,3.3,7.6,5.45
2005-02-15,0.4,8.4,4.4
2005-02-16,2.0,6.8,4.4
2005-02-17,0.4,8.4,4.4
2005-02-18,-2.7,5.4,1.35
2005-02-19,-3.2,6.8,1.8
2005-02-20,-0.8,6.4,2.8
2005-02-21,0.6,6.4,3.5
2005-02-22,-0.2,5.0,2.4
2005-02-23,-1.1,6.2,2.55
2005-02-24,-1.5,6.4,2.45
2005-02-25,-2.3,7.2,2.45
2005-02-26,0.4,6.2,3.3
2005-02-27,-3.4,6.2,1.4
2005-02-28,-4.8,1.4,-1.7
2005-03-01,-8.2,1.4,-3.4
2005-03-02,-7.4,4.6,-1.4
2005-03-03,-5.8,-0.2,-3.0
2005-03-04,-4.9,3.0,-0.95
2005-03-05,-2.4,5.2,1.4
2005-03-06,-4.6,7.8,1.6
2005-03-07,-1.8,6.2,2.2
2005-03-08,-3.9,10.8,3.45
2005-03-09,1.2,12.8,7.0
2005-03-10,1.4,13.2,7.3
2005-03-11,-3.4,10.3,3.45
2005-03-12,1.6,14.4,8.0
2005-03-13,4.2,12.4,8.3
2005-03-14,1.3,14.0,7.65
2005-03-15,2.8,16.4,9.6
2005-03-16,4.0,18.0,11.0
2005-03-17,4.2,19.6,11.9
2005-03-18,4.5,24.4,14.45
2005-03-19,7.0,26.2,16.6
2005-03-20,5.8,18.4,12.1
2005-03-21,8.8,17.4,13.1
2005-03-22,3.7,15.6,9.65
2005-03-23,6.1,17.4,11.75
2005-03-24,10.0,18.8,14.4
2005-03-25,10.8,16.6,13.7
2005-03-26,11.2,17.2,14.2
2005-03-27,10.4,19.6,15.0
2005-03-28,8.6,22.8,15.7
2005-03-29,9.6,16.8,13.2
2005-03-30,6.9,18.8,12.85
2005-03-31,7.6,18.6,13.1
2005-04-01,8.4,18.6,13.5
2005-04-02,5.8,19.0,12.4
2005-04-03,3.1,19.6,11.35
2005-04-04,3.0,20.0,11.5
2005-04-05,3.2,19.6,11.4
2005-04-06,4.8,20.4,12.6
2005-04-07,7.6,17.2,12.4
2005-04-08,7.8,13.4,10.6
2005-04-09,6.8,12.5,9.65
2005-04-10,9.7,14.5,12.1
2005-04-11,10.2,15.2,12.7
2005-04-12,7.0,15.0,11.0
2005-04-13,7.2,22.2,14.7
2005-04-14,8.1,22.4,15.25
2005-04-15,9.3,21.2,15.25
2005-04-16,6.8,14.8,10.8
2005-04-17,2.9,16.4,9.65
2005-04-18,5.6,21.2,13.4
2005-04-19,9.2,16.9,13.05
2005-04-20,7.6,17.4,12.5
2005-04-21,6.8,19.6,13.2
2005-04-22,3.6,17.6,10.6
2005-04-23,5.6,16.7,11.15
2005-04-24,9.6,13.6,11.6
2005-04-25,8.5,12.0,10.25
2005-04-26,6.3,24.4,15.35
2005-04-27,8.8,24.4,16.6
2005-04-28,11.2,23.2,17.2
2005-04-29,13.2,26.0,19.6
2005-04-30,10.2,27.3,18.75
2005-05-01,13.6,28.4,21.0
2005-05-02,14.2,28.2,21.2
2005-05-03,14.0,27.6,20.8
2005-05-04,12.2,26.0,19.1
2005-05-05,11.6,24.0,17.8
2005-05-06,7.4,24.1,15.75
2005-05-07,10.4,24.0,17.2
2005-05-08,12.8,22.1,17.45
2005-05-09,8.9,18.4,13.65
2005-05-10,11.0,17.2,14.1
2005-05-11,10.1,23.2,16.65
2005-05-12,11.8,23.8,17.8
2005-05-13,10.6,24.4,17.5
2005-05-14,12.0,18.6,15.3
2005-05-15,11.6,23.8,17.7
2005-05-16,12.6,21.7,17.15
2005-05-17,10.3,22.8,16.55
2005-05-18,11.0,17.0,14.0
2005-05-19,12.4,26.0,19.2
2005-05-20,11.4,25.4,18.4
2005-05-21,10.5,27.2,18.85
2005-05-22,16.8,27.8,22.3
2005-05-23,12.8,21.4,17.1
2005-05-24,12.4,27.3,19.85
2005-05-25,12.5,29.3,20.9
2005-05-26,13.4,29.4,21.4
2005-05-27,14.3,31.4,22.85
2005-05-28,15.2,32.4,23.8
2005-05-29,18.2,32.8,25.5
2005-05-30,16.4,32.4,24.4
2005-05-31,17.6,29.6,23.6
2005-06-01,16.1,26.0,21.05
2005-06-02,17.0,26.8,21.9
2005-06-03,13.2,28.6,20.9
2005-06-04,15.9,27.2,21.55
2005-06-05,17.0,27.8,22.4
2005-06-06,15.6,24.1,19.85
2005-06-07,14.2,26.4,20.3
2005-06-08,11.4,22.2,16.8
2005-06-09,12.6,21.6,17.1
2005-06-10,10.0,26.0,18.0
2005-06-11,11.2,24.6,17.9
2005-06-12,15.8,24.0,19.9
2005-06-13,18.2,26.0,22.1
2005-06-14,16.0,21.2,18.6
2005-06-15,15.4,26.8,21.1
2005-06-16,17.0,32.4,24.7
2005-06-17,16.8,32.0,24.4
2005-06-18,16.6,36.6,26.6
2005-06-19,21.3,32.4,26.85
2005-06-20,19.6,31.2,25.4
2005-06-21,19.7,33.3,26.5
2005-06-22,19.6,34.8,27.2
2005-06-23,20.4,35.6,28.0
2005-06-24,21.6,33.0,27.3
2005-06-25,19.6,33.2,26.4
2005-06-26,17.6,37.3,27.45
2005-06-27,21.2,35.2,28.2
2005-06-28,20.8,35.8,28.3
2005-06-29,19.8,30.8,25.3
2005-06-30,19.0,32.4,25.7
2005-07-01,17.6,27.0,22.3
2005-07-02,17.2,30.8,24.0
2005-07-03,16.9,31.2,24.05
2005-07-04,20.6,30.2,25.4
2005-07-05,14.8,23.6,19.2
2005-07-06,13.6,27.2,20.4
2005-07-07,13.3,21.4,17.35
2005-07-08,12.8,27.0,19.9
2005-07-09,14.8,22.4,18.6
2005-07-10,15.0,23.8,19.4
2005-07-11,14.8,29.2,22.0
2005-07-12,17.2,30.0,23.6
2005-07-13,14.8,31.2,23.0
2005-07-14,18.0,33.0,25.5
2005-07-15,19.0,32.4,25.7
2005-07-16,17.6,30.8,24.2
2005-07-17,18.6,33.6,26.1
2005-07-18,20.0,31.4,25.7
2005-07-19,16.1,30.9,23.5
2005-07-20,19.2,31.2,25.2
2005-07-21,18.2,33.4,25.8
2005-07-22,14.4,30.4,22.4
2005-07-23,14.0,28.0,21.0
2005-07-24,16.0,28.4,22.2
2005-07-25,19.0,29.7,24.35
2005-07-26,21.7,31.8,26.75
2005-07-27,21.6,33.6,27.6
2005-07-28,19.8,34.9,27.35
2005-07-29,21.2,34.8,28.0
2005-07-30,21.6,35.6,28.6
2005-07-31,21.2,30.8,26.0
2005-08-01,18.8,33.2,26.0
2005-08-02,19.8,28.4,24.1
2005-08-03,18.2,28.0,23.1
2005-08-04,19.8,28.8,24.3
2005-08-05,12.6,31.6,22.1
2005-08-06,15.2,29.7,22.45
2005-08-07,17.2,24.8,21.0
2005-08-08,14.9,28.0,21.45
2005-08-09,14.4,27.3,20.85
2005-08-10,13.4,28.6,21.0
2005-08-11,17.0,27.2,22.1
2005-08-12,17.4,29.2,23.3
2005-08-13,17.6,29.2,23.4
2005-08-14,14.6,24.8,19.7
2005-08-15,15.8,26.0,20.9
2005-08-16,12.2,27.8,20.0
2005-08-17,16.1,32.0,24.05
2005-08-18,15.0,30.4,22.7
2005-08-19,17.2,29.8,23.5
2005-08-20,15.0,20.5,17.75
2005-08-21,14.1,18.0,16.05
2005-08-22,15.2,17.6,16.4
2005-08-23,14.6,24.0,19.3
2005-08-24,16.0,29.2,22.6
2005-08-25,17.5,26.0,21.75
2005-08-26,18.8,27.6,23.2
2005-08-27,16.9,27.0,21.95
2005-08-28,16.8,26.0,21.4
2005-08-29,16.5,30.0,23.25
2005-08-30,17.7,31.2,24.45
2005-08-31,20.4,29.6,25.0
2005-09-01,20.2,31.0,25.6
2005-09-02,18.4,32.5,25.45
2005-09-03,17.2,30.0,23.6
2005-09-04,15.0,28.6,21.8
2005-09-05,13.2,26.1,19.65
2005-09-06,13.4,27.6,20.5
2005-09-07,12.6,28.1,20.35
2005-09-08,16.4,28.4,22.4
2005-09-09,17.0,21.4,19.2
2005-09-10,16.4,25.2,20.8
2005-09-11,16.5,23.8,20.15
2005-09-12,14.4,24.4,19.4
2005-09-13,13.2,26.6,19.9
2005-09-14,14.9,27.8,21.35
2005-09-15,14.8,28.1,21.45
2005-09-16,18.4,24.4,21.4
2005-09-17,12.0,21.2,16.6
2005-09-18,11.2,17.8,14.5
2005-09-19,12.4,18.4,15.4
2005-09-20,13.6,22.4,18.0
2005-09-21,10.6,22.8,16.7
2005-09-22,13.4,22.8,18.1
2005-09-23,13.2,24.0,18.6
2005-09-24,13.6,25.4,19.5
2005-09-25,10.0,24.0,17.0
2005-09-26,9.6,24.0,16.8
2005-09-27,14.2,20.4,17.3
2005-09-28,14.1,23.6,18.85
2005-09-29,12.6,19.6,16.1
2005-09-30,10.8,20.2,15.5
2005-10-01,9.2,19.2,14.2
2005-10-02,9.4,14.2,11.8
2005-10-03,8.4,12.1,10.25
2005-10-04,8.6,13.4,11.0
2005-10-05,8.6,15.6,12.1
2005-10-06,9.6,15.2,12.4
2005-10-07,11.1,16.1,13.6
2005-10-08,11.8,18.4,15.1
2005-10-09,10.7,19.6,15.15
2005-10-10,11.6,18.8,15.2
2005-10-11,7.3,18.0,12.65
2005-10-12,6.0,17.2,11.6
2005-10-13,7.3,16.8,12.05
2005-10-14,7.4,16.9,12.15
2005-10-15,6.0,14.2,10.1
2005-10-16,6.8,13.7,10.25
2005-10-17,4.1,15.2,9.65
2005-10-18,8.4,14.8,11.6
2005-10-19,7.0,14.6,10.8
2005-10-20,9.3,12.8,11.05
2005-10-21,9.6,15.7,12.65
2005-10-22,6.8,17.6,12.2
2005-10-23,10.8,15.7,13.25
2005-10-24,11.4,18.6,15.0
2005-10-25,11.6,18.0,14.8
2005-10-26,10.2,17.7,13.95
2005-10-27,8.8,16.2,12.5
2005-10-28,7.6,13.4,10.5
2005-10-29,7.4,13.2,10.3
2005-10-30,3.6,13.2,8.4
2005-10-31,2.9,14.8,8.85
2005-11-01,9.7,12.8,11.25
2005-11-02,7.4,14.2,10.8
2005-11-03,7.2,13.2,10.2
2005-11-04,5.0,14.4,9.7
2005-11-05,9.0,13.3,11.15
2005-11-06,7.6,12.7,10.15
2005-11-07,8.6,14.6,11.6
2005-11-08,5.7,13.8,9.75
2005-11-09,5.8,11.2,8.5
2005-11-10,5.4,12.1,8.75
2005-11-11,3.6,11.6,7.6
2005-11-12,3.3,9.2,6.25
2005-11-13,3.1,10.0,6.55
2005-11-14,1.4,8.4,4.9
2005-11-15,1.6,9.4,5.5
2005-11-16,2.4,11.3,6.85
2005-11-17,5.2,12.5,8.85
2005-11-18,0.4,8.4,4.4
2005-11-19,-0.2,8.6,4.2
2005-11-20,-3.8,3.6,-0.1
2005-11-21,-4.2,6.4,1.1
2005-11-22,-2.2,8.4,3.1
2005-11-23,-1.2,7.6,3.2
2005-11-24,-2.2,5.2,1.5
2005-11-25,-2.3,0.8,-0.75
2005-11-26,-1.4,0.9,-0.25
2005-11-27,-2.2,2.6,0.2
2005-11-28,-2.8,2.8,0.0
2005-11-29,-3.6,0.4,-1.6
2005-11-30,-4.8,3.6,-0.6
2005-12-01,-5.2,2.1,-1.55
2005-12-02,-4.6,1.7,-1.45
2005-12-03,-1.6,3.6,1.0
2005-12-04,-2.0,2.5,0.25
2005-12-05,-0.4,4.2,1.9
2005-12-06,0.4,4.5,2.45
2005-12-07,-3.8,3.9,0.05
2005-12-08,-6.0,1.8,-2.1
2005-12-09,-1.0,5.2,2.1
2005-12-10,-6.0,4.4,-0.8
2005-12-11,-9.6,3.2,-3.2
2005-12-12,-2.8,4.1,0.65
2005-12-13,1.3,6.3,3.8
2005-12-14,-0.4,8.4,4.0
2005-12-15,-2.2,5.2,1.5
2005-12-16,-4.0,4.8,0.4
2005-12-17,1.6,8.8,5.2
2005-12-18,-3.8,4.6,0.4
2005-12-19,-4.1,0.4,-1.85
2005-12-20,-4.0,2.0,-1.0
2005-12-21,-5.6,1.2,-2.2
2005-12-22,-5.1,1.4,-1.85
2005-12-23,-7.9,-1.0,-4.45
2005-12-24,-7.1,1.4,-2.85
2005-12-25,-5.6,1.8,-1.9
2005-12-26,-5.0,1.6,-1.7
2005-12-27,-1.6,2.4,0.4
2005-12-28,-2.4,2.6,0.1
2005-12-29,-2.4,2.2,-0.1
2005-12-30,-8.8,-1.1,-4.95
2005-12-31,-6.8,-1.0,-3.9
2009-01-01,-5.5,1.9,-1.8
2009-01-02,-7.7,1.4,-3.15
2009-01-03,-8.9,-0.6,-4.75
2009-01-04,-6.6,-0.3,-3.45
2009-01-05,-7.1,0.0,-3.55
2009-01-06,-2.8,1.3,-0.75
2009-01-07,-0.6,3.3,1.35
2009-01-08,-2.1,4.1,1.0
2009-01-09,-3.4,2.9,-0.25
2009-01-10,-3.2,4.4,0.6
2009-01-11,-1.5,5.6,2.05
2009-01-12,-2.6,4.9,1.15
2009-01-13,-4.1,4.3,0.1
2009-01-14,0.2,10.0,5.1
2009-01-15,2.1,8.3,5.2
2009-01-16,-1.3,6.0,2.35
2009-01-17,-3.3,3.1,-0.1
2009-01-18,-1.2,2.8,0.8
2009-01-19,-1.4,3.7,1.15
2009-01-20,0.4,1.9,1.15
2009-01-21,1.5,5.1,3.3
2009-01-22,1.2,6.4,3.8
2009-01-23,-0.7,2.8,1.05
2009-01-24,-2.6,5.0,1.2
2009-01-25,-0.4,8.4,4.0
2009-01-26,0.0,6.1,3.05
2009-01-27,3.7,9.2,6.45
2009-01-28,6.1,10.2,8.15
2009-01-29,2.6,9.0,5.8
2009-01-30,-0.7,7.8,3.55
2009-01-31,-2.5,3.9,0.7
2009-02-01,0.4,3.0,1.7
2009-02-02,0.7,1.7,1.2
2009-02-03,1.3,6.0,3.65
2009-02-04,2.4,9.0,5.7
2009-02-05,3.7,7.2,5.45
2009-02-06,2.5,5.4,3.95
2009-02-07,2.5,6.1,4.3
2009-02-08,3.9,10.9,7.4
2009-02-09,1.4,8.3,4.85
2009-02-10,0.6,5.2,2.9
2009-02-11,3.4,8.8,6.1
2009-02-12,-0.3,7.8,3.75
2009-02-13,0.6,5.9,3.25
2009-02-14,-1.4,6.8,2.7
2009-02-15,1.1,7.0,4.05
2009-02-16,-1.4,6.4,2.5
2009-02-17,-3.9,9.4,2.75
2009-02-18,-1.4,7.9,3.25
2009-02-19,-4.8,7.5,1.35
2009-02-20,-0.7,8.8,4.05
2009-02-21,-1.4,9.5,4.05
2009-02-22,-2.0,11.3,4.65
2009-02-23,-1.4,4.4,1.5
2009-02-24,-3.0,11.7,4.35
2009-02-25,-1.9,10.7,4.4
2009-02-26,-0.6,11.5,5.45
2009-02-27,-0.1,16.7,8.3
2009-02-28,0.7,15.5,8.1
2009-03-01,5.1,11.4,8.25
2009-03-02,5.6,13.5,9.55
2009-03-03,5.8,9.7,7.75
2009-03-04,3.9,8.3,6.1
2009-03-05,2.4,5.9,4.15
2009-03-06,4.9,11.1,8.0
2009-03-07,9.2,14.1,11.65
2009-03-08,3.0,14.2,8.6
2009-03-09,-0.2,12.6,6.2
2009-03-10,-0.6,12.1,5.75
2009-03-11,-0.6,13.1,6.25
2009-03-12,-0.2,14.0,6.9
2009-03-13,0.8,19.1,9.95
2009-03-14,1.9,13.5,7.7
2009-03-15,2.5,16.4,9.45
2009-03-16,4.5,18.3,11.4
2009-03-17,2.1,16.8,9.45
2009-03-18,2.8,18.5,10.65
2009-03-19,2.6,15.6,9.1
2009-03-20,5.2,9.8,7.5
2009-03-21,2.0,11.7,6.85
2009-03-22,2.9,16.9,9.9
2009-03-23,2.0,19.2,10.6
2009-03-24,5.4,12.4,8.9
2009-03-25,-0.2,13.6,6.7
2009-03-26,5.8,15.2,10.5
2009-03-27,2.7,17.1,9.9
2009-03-28,8.8,12.2,10.5
2009-03-29,7.4,8.8,8.1
2009-03-30,6.9,15.5,11.2
2009-03-31,10.4,18.5,14.45
2009-04-01,10.1,19.4,14.75
2009-04-02,11.2,14.7,12.95
2009-04-03,8.4,19.4,13.9
2009-04-04,9.6,20.6,15.1
2009-04-05,10.7,18.6,14.65
2009-04-06,7.1,21.9,14.5
2009-04-07,6.8,22.9,14.85
2009-04-08,7.3,22.6,14.95
2009-04-09,8.4,22.4,15.4
2009-04-10,9.5,22.1,15.8
2009-04-11,6.6,23.1,14.85
2009-04-12,7.9,20.8,14.35
2009-04-13,8.3,24.0,16.15
2009-04-14,9.5,23.6,16.55
2009-04-15,7.8,23.1,15.45
2009-04-16,9.6,15.3,12.45
2009-04-17,8.7,17.3,13.0
2009-04-18,8.5,17.9,13.2
2009-04-19,9.2,14.7,11.95
2009-04-20,10.3,15.5,12.9
2009-04-21,10.5,16.8,13.65
2009-04-22,8.6,25.2,16.9
2009-04-23,10.7,20.4,15.55
2009-04-24,8.1,18.5,13.3
2009-04-25,6.0,21.6,13.8
2009-04-26,9.1,14.2,11.65
2009-04-27,9.6,12.3,10.95
2009-04-28,9.7,13.4,11.55
2009-04-29,9.5,15.3,12.4
2009-04-30,9.4,19.2,14.3
2009-05-01,11.1,23.6,17.35
2009-05-02,14.8,23.9,19.35
2009-05-03,12.2,24.1,18.15
2009-05-04,11.6,19.4,15.5
2009-05-05,11.1,21.9,16.5
2009-05-06,9.6,23.8,16.7
2009-05-07,11.0,26.5,18.75
2009-05-08,11.9,25.2,18.55
2009-05-09,12.2,25.5,18.85
2009-05-10,13.9,25.4,19.65
2009-05-11,13.5,26.4,19.95
2009-05-12,13.1,26.4,19.75
2009-05-13,14.1,23.2,18.65
2009-05-14,15.4,24.3,19.85
2009-05-15,15.2,19.0,17.1
2009-05-16,13.8,25.5,19.65
2009-05-17,14.2,27.7,20.95
2009-05-18,14.9,28.9,21.9
2009-05-19,15.6,28.7,22.15
2009-05-20,15.2,29.8,22.5
2009-05-21,17.6,29.0,23.3
2009-05-22,16.0,29.0,22.5
2009-05-23,14.6,30.2,22.4
2009-05-24,17.9,31.7,24.8
2009-05-25,18.8,33.6,26.2
2009-05-26,16.0,33.0,24.5
2009-05-27,20.6,27.4,24.0
2009-05-28,16.5,28.6,22.55
2009-05-29,11.1,26.8,18.95
2009-05-30,9.5,24.9,17.2
2009-05-31,10.5,18.1,14.3
2009-06-01,10.0,24.0,17.0
2009-06-02,10.4,27.4,18.9
2009-06-03,14.5,29.4,21.95
2009-06-04,13.8,26.3,20.05
2009-06-05,17.0,25.3,21.15
2009-06-06,15.4,21.3,18.35
2009-06-07,15.1,24.6,19.85
2009-06-08,14.6,24.9,19.75
2009-06-09,14.5,22.8,18.65
2009-06-10,14.4,25.3,19.85
2009-06-11,14.0,26.2,20.1
2009-06-12,16.7,27.8,22.25
2009-06-13,14.0,29.2,21.6
2009-06-14,14.8,30.5,22.65
2009-06-15,21.5,29.6,25.55
2009-06-16,21.7,31.4,26.55
2009-06-17,18.2,28.3,23.25
2009-06-18,14.6,31.6,23.1
2009-06-19,17.5,31.5,24.5
2009-06-20,14.9,27.0,20.95
2009-06-21,14.8,25.4,20.1
2009-06-22,12.4,24.1,18.25
2009-06-23,14.9,22.9,18.9
2009-06-24,16.7,30.2,23.45
2009-06-25,14.6,29.3,21.95
2009-06-26,16.9,28.1,22.5
2009-06-27,16.3,27.5,21.9
2009-06-28,16.5,31.4,23.95
2009-06-29,18.2,31.3,24.75
2009-06-30,17.0,31.7,24.35
2009-07-01,17.5,31.9,24.7
2009-07-02,18.1,30.6,24.35
2009-07-03,18.9,31.4,25.15
2009-07-04,17.5,33.9,25.7
2009-07-05,17.0,30.4,23.7
2009-07-06,17.5,28.4,22.95
2009-07-07,15.8,25.0,20.4
2009-07-08,15.1,26.9,21.0
2009-07-09,14.0,25.4,19.7
2009-07-10,14.4,24.5,19.45
2009-07-11,13.2,24.6,18.9
2009-07-12,14.6,25.2,19.9
2009-07-13,16.3,28.7,22.5
2009-07-14,20.3,30.1,25.2
2009-07-15,20.0,30.0,25.0
2009-07-16,19.3,32.4,25.85
2009-07-17,19.8,27.6,23.7
2009-07-18,13.1,20.3,16.7
2009-07-19,13.9,26.5,20.2
2009-07-20,14.5,27.5,21.0
2009-07-21,16.7,28.9,22.8
2009-07-22,19.6,29.7,24.65
2009-07-23,17.9,32.0,24.95
2009-07-24,18.0,30.9,24.45
2009-07-25,17.9,29.4,23.65
2009-07-26,18.5,27.7,23.1
2009-07-27,18.4,29.0,23.7
2009-07-28,18.8,31.0,24.9
2009-07-29,19.4,31.4,25.4
2009-07-30,19.5,32.2,25.85
2009-07-31,18.8,24.5,21.65
2009-08-01,17.4,31.0,24.2
2009-08-02,17.8,32.7,25.25
2009-08-03,17.1,24.9,21.0
2009-08-04,16.5,28.6,22.55
2009-08-05,18.1,30.0,24.05
2009-08-06,16.3,30.7,23.5
2009-08-07,20.2,31.3,25.75
2009-08-08,19.3,27.8,23.55
2009-08-09,18.7,28.0,23.35
2009-08-10,18.4,26.2,22.3
2009-08-11,18.5,30.0,24.25
2009-08-12,17.2,29.7,23.45
2009-08-13,18.4,30.1,24.25
2009-08-14,18.9,29.3,24.1
2009-08-15,18.3,30.2,24.25
2009-08-16,19.7,30.5,25.1
2009-08-17,19.8,31.4,25.6
2009-08-18,19.1,32.9,26.0
2009-08-19,17.9,33.3,25.6
2009-08-20,19.4,33.5,26.45
2009-08-21,20.3,33.3,26.8
2009-08-22,19.4,26.4,22.9
2009-08-23,19.4,29.9,24.65
2009-08-24,19.8,29.5,24.65
2009-08-25,16.9,30.3,23.6
2009-08-26,18.2,30.4,24.3
2009-08-27,19.4,32.1,25.75
2009-08-28,19.2,32.1,25.65
2009-08-29,18.7,25.7,22.2
2009-08-30,16.4,27.1,21.75
2009-08-31,13.4,28.8,21.1
2009-09-01,15.2,30.0,22.6
2009-09-02,17.2,30.1,23.65
2009-09-03,18.8,26.1,22.45
2009-09-04,19.0,22.8,20.9
2009-09-05,14.9,25.0,19.95
2009-09-06,14.1,25.3,19.7
2009-09-07,10.0,25.0,17.5
2009-09-08,11.7,25.8,18.75
2009-09-09,13.2,24.3,18.75
2009-09-10,14.3,25.2,19.75
2009-09-11,14.8,27.0,20.9
2009-09-12,14.7,24.5,19.6
2009-09-13,13.4,26.2,19.8
2009-09-14,12.1,15.2,13.65
2009-09-15,10.7,16.4,13.55
2009-09-16,13.9,16.5,15.2
2009-09-17,15.4,24.9,20.15
2009-09-18,16.3,25.6,20.95
2009-09-19,14.2,24.8,19.5
2009-09-20,12.9,23.6,18.25
2009-09-21,15.7,25.5,20.6
2009-09-22,14.3,25.9,20.1
2009-09-23,13.6,26.1,19.85
2009-09-24,14.4,25.8,20.1
2009-09-25,16.2,23.9,20.05
2009-09-26,15.7,21.9,18.8
2009-09-27,13.8,23.9,18.85
2009-09-28,10.9,24.2,17.55
2009-09-29,12.7,24.3,18.5
2009-09-30,10.3,23.9,17.1
2009-10-01,17.1,24.2,20.65
2009-10-02,15.9,23.4,19.65
2009-10-03,10.7,21.4,16.05
2009-10-04,11.4,22.3,16.85
2009-10-05,14.3,21.0,17.65
2009-10-06,12.0,23.0,17.5
2009-10-07,13.9,24.1,19.0
2009-10-08,16.0,24.7,20.35
2009-10-09,16.3,21.7,19.0
2009-10-10,14.8,21.6,18.2
2009-10-11,11.3,20.9,16.1
2009-10-12,12.0,18.0,15.0
2009-10-13,11.7,16.3,14.0
2009-10-14,6.2,12.7,9.45
2009-10-15,4.7,12.6,8.65
2009-10-16,1.7,13.9,7.8
2009-10-17,1.9,12.6,7.25
2009-10-18,0.6,14.1,7.35
2009-10-19,1.1,13.4,7.25
2009-10-20,6.1,12.0,9.05
2009-10-21,4.9,12.2,8.55
2009-10-22,7.8,11.0,9.4
2009-10-23,7.9,16.3,12.1
2009-10-24,7.6,19.8,13.7
2009-10-25,6.6,16.3,11.45
2009-10-26,5.6,16.0,10.8
2009-10-27,4.3,15.0,9.65
2009-10-28,4.8,14.1,9.45
2009-10-29,5.6,16.4,11.0
2009-10-30,2.7,16.5,9.6
2009-10-31,5.9,14.2,10.05
2009-11-01,3.8,13.5,8.65
2009-11-02,4.3,7.3,5.8
2009-11-03,3.9,14.0,8.95
2009-11-04,1.3,7.1,4.2
2009-11-05,1.8,9.7,5.75
2009-11-06,5.2,10.1,7.65
2009-11-07,0.0,8.9,4.45
2009-11-08,6.0,9.6,7.8
2009-11-09,6.4,10.7,8.55
2009-11-10,7.0,13.8,10.4
2009-11-11,1.1,13.2,7.15
2009-11-12,0.7,9.8,5.25
2009-11-13,0.4,9.2,4.8
2009-11-14,4.0,9.5,6.75
2009-11-15,4.7,11.8,8.25
2009-11-16,8.9,12.2,10.55
2009-11-17,5.6,13.2,9.4
2009-11-18,5.6,14.0,9.8
2009-11-19,3.6,12.2,7.9
2009-11-20,2.6,12.1,7.35
2009-11-21,1.7,10.9,6.3
2009-11-22,-1.4,7.7,3.15
2009-11-23,6.2,11.5,8.85
2009-11-24,4.3,12.5,8.4
2009-11-25,1.4,10.9,6.15
2009-11-26,7.3,9.0,8.15
2009-11-27,7.7,10.4,9.05
2009-11-28,6.7,11.1,8.9
2009-11-29,6.4,8.7,7.55
2009-11-30,5.5,7.4,6.45
2009-12-01,5.2,8.3,6.75
2009-12-02,1.8,8.3,5.05
2009-12-03,0.9,6.4,3.65
2009-12-04,0.9,8.0,4.45
2009-12-05,1.6,8.8,5.2
2009-12-06,1.7,6.4,4.05
2009-12-07,2.0,6.8,4.4
2009-12-08,4.9,9.4,7.15
2009-12-09,5.7,12.2,8.95
2009-12-10,2.8,8.1,5.45
2009-12-11,-0.8,8.9,4.05
2009-12-12,1.0,9.7,5.35
2009-12-13,0.4,5.6,3.0
2009-12-14,-0.9,4.7,1.9
2009-12-15,-3.9,2.4,-0.75
2009-12-16,-6.0,1.8,-2.1
2009-12-17,-5.6,1.2,-2.2
2009-12-18,-5.8,-1.2,-3.5
2009-12-19,-3.5,2.1,-0.7
2009-12-20,-8.6,-2.0,-5.3
2009-12-21,-9.5,-1.9,-5.7
2009-12-22,-4.3,0.5,-1.9
2009-12-23,0.1,3.3,1.7
2009-12-24,1.4,4.0,2.7
2009-12-25,2.8,9.0,5.9
2009-12-26,1.9,6.2,4.05
2009-12-27,-2.3,3.8,0.75
2009-12-28,-3.5,2.9,-0.3
2009-12-29,-3.8,3.6,-0.1
2009-12-30,0.2,4.2,2.2
2009-12-31,1.9,3.9,2.9
2013-01-01,-2.6,4.3,0.85
2013-01-02,0.4,4.9,2.65
2013-01-03,0.2,6.2,3.2
2013-01-04,-0.6,6.4,2.9
2013-01-05,-1.1,17.7,8.3
2013-01-06,2.1,16.3,9.2
2013-01-07,1.3,15.3,8.3
2013-01-08,-0.5,6.3,2.9
2013-01-09,0.9,7.4,4.15
2013-01-10,0.6,6.5,3.55
2013-01-11,-1.0,6.1,2.55
2013-01-12,-2.7,6.2,1.75
2013-01-13,0.4,4.3,2.35
2013-01-14,2.1,5.5,3.8
2013-01-15,1.3,4.9,3.1
2013-01-16,1.2,4.2,2.7
2013-01-17,3.1,6.0,4.55
2013-01-18,-2.0,5.4,1.7
2013-01-19,-2.0,2.9,0.45
2013-01-20,0.1,1.7,0.9
2013-01-21,0.7,3.6,2.15
2013-01-22,-0.1,7.1,3.5
2013-01-23,0.0,5.4,2.7
2013-01-24,1.3,5.6,3.45
2013-01-25,2.4,7.5,4.95
2013-01-26,-2.1,3.9,0.9
2013-01-27,-3.3,3.5,0.1
2013-01-28,-0.8,4.1,1.65
2013-01-29,-2.9,6.7,1.9
2013-01-30,-0.7,6.2,2.75
2013-01-31,-1.2,8.7,3.75
2013-02-01,-1.4,7.3,2.95
2013-02-02,2.2,10.0,6.1
2013-02-03,1.7,9.1,5.4
2013-02-04,0.0,8.0,4.0
2013-02-05,-2.2,6.3,2.05
2013-02-06,0.8,7.4,4.1
2013-02-07,-0.3,8.9,4.3
2013-02-08,-0.8,7.0,3.1
2013-02-09,-0.8,5.7,2.45
2013-02-10,-3.4,2.2,-0.6
2013-02-11,-3.0,-0.3,-1.65
2013-02-12,-1.8,2.1,0.15
2013-02-13,0.5,8.5,4.5
2013-02-14,-1.5,6.1,2.3
2013-02-15,-2.1,7.6,2.75
2013-02-16,-1.9,8.0,3.05
2013-02-17,-0.6,8.3,3.85
2013-02-18,0.4,8.5,4.45
2013-02-19,-1.2,7.6,3.2
2013-02-20,-1.7,8.1,3.2
2013-02-21,0.4,5.4,2.9
2013-02-22,-1.4,3.8,1.2
2013-02-23,-2.9,5.1,1.1
2013-02-24,-0.1,3.1,1.5
2013-02-25,-0.6,6.1,2.75
2013-02-26,0.7,8.2,4.45
2013-02-27,2.6,9.6,6.1
2013-02-28,3.4,12.6,8.0
2013-03-01,1.9,13.6,7.75
2013-03-02,0.3,13.3,6.8
2013-03-03,2.2,15.0,8.6
2013-03-04,0.7,15.8,8.25
2013-03-05,-0.2,12.6,6.2
2013-03-06,5.5,8.9,7.2
2013-03-07,5.1,11.6,8.35
2013-03-08,8.0,12.5,10.25
2013-03-09,8.9,11.4,10.15
2013-03-10,7.7,15.2,11.45
2013-03-11,7.5,15.5,11.5
2013-03-12,6.8,14.4,10.6
2013-03-13,7.0,12.3,9.65
2013-03-14,3.3,8.9,6.1
2013-03-15,2.0,6.9,4.45
2013-03-16,-0.8,9.2,4.2
2013-03-17,2.3,8.0,5.15
2013-03-18,0.5,2.2,1.35
2013-03-19,0.4,8.8,4.6
2013-03-20,0.1,10.4,5.25
2013-03-21,5.5,14.3,9.9
2013-03-22,3.8,16.0,9.9
2013-03-23,2.8,12.9,7.85
2013-03-24,6.5,9.4,7.95
2013-03-25,5.0,10.6,7.8
2013-03-26,2.9,5.3,4.1
2013-03-27,3.6,8.0,5.8
2013-03-28,2.5,9.2,5.85
2013-03-29,2.3,8.5,5.4
2013-03-30,6.6,9.0,7.8
2013-03-31,6.5,14.8,10.65
2013-04-01,3.5,13.1,8.3
2013-04-02,6.0,16.1,11.05
2013-04-03,7.9,16.3,12.1
2013-04-04,7.8,14.7,11.25
2013-04-05,7.4,12.0,9.7
2013-04-06,8.1,16.4,12.25
2013-04-07,9.7,14.2,11.95
2013-04-08,6.5,10.2,8.35
2013-04-09,6.3,12.8,9.55
2013-04-10,6.4,18.5,12.45
2013-04-11,8.1,13.8,10.95
2013-04-12,10.5,17.4,13.95
2013-04-13,10.2,21.0,15.6
2013-04-14,10.2,22.4,16.3
2013-04-15,8.4,24.3,16.35
2013-04-16,13.2,24.4,18.8
2013-04-17,11.3,24.9,18.1
2013-04-18,11.0,26.8,18.9
2013-04-19,11.7,25.1,18.4
2013-04-20,9.4,11.5,10.45
2013-04-21,9.9,16.3,13.1
2013-04-22,10.1,14.2,12.15
2013-04-23,10.7,19.4,15.05
2013-04-24,8.5,22.7,15.6
2013-04-25,8.6,24.7,16.65
2013-04-26,11.1,20.1,15.6
2013-04-27,12.5,17.1,14.8
2013-04-28,12.3,21.5,16.9
2013-04-29,13.8,18.1,15.95
2013-04-30,13.6,20.0,16.8
2013-05-01,13.8,22.9,18.35
2013-05-02,13.3,23.0,18.15
2013-05-03,11.9,24.1,18.0
2013-05-04,10.2,24.6,17.4
2013-05-05,14.0,23.2,18.6
2013-05-06,13.3,21.9,17.6
2013-05-07,13.8,20.2,17.0
2013-05-08,13.6,24.5,19.05
2013-05-09,12.0,26.5,19.25
2013-05-10,14.4,17.9,16.15
2013-05-11,12.4,20.4,16.4
2013-05-12,12.2,21.2,16.7
2013-05-13,10.3,22.2,16.25
2013-05-14,8.7,23.8,16.25
2013-05-15,12.3,24.0,18.15
2013-05-16,11.5,14.0,12.75
2013-05-17,11.2,14.9,13.05
2013-05-18,9.1,21.1,15.1
2013-05-19,11.7,17.8,14.75
2013-05-20,10.8,19.0,14.9
2013-05-21,8.7,20.2,14.45
2013-05-22,8.9,22.8,15.85
2013-05-23,10.3,23.1,16.7
2013-05-24,7.4,12.7,10.05
2013-05-25,7.2,16.6,11.9
2013-05-26,5.1,20.0,12.55
2013-05-27,9.0,21.1,15.05
2013-05-28,13.5,20.8,17.15
2013-05-29,11.6,18.4,15.0
2013-05-30,10.4,16.1,13.25
2013-05-31,10.4,19.1,14.75
2013-06-01,11.6,22.5,17.05
2013-06-02,10.1,25.0,17.55
2013-06-03,16.2,25.1,20.65
2013-06-04,15.8,26.1,20.95
2013-06-05,14.9,25.4,20.15
2013-06-06,12.7,25.6,19.15
2013-06-07,13.7,26.8,20.25
2013-06-08,13.7,27.0,20.35
2013-06-09,13.9,23.0,18.45
2013-06-10,13.5,21.3,17.4
2013-06-11,12.4,26.9,19.65
2013-06-12,11.9,28.3,20.1
2013-06-13,11.5,27.9,19.7
2013-06-14,16.2,28.2,22.2
2013-06-15,20.4,29.1,24.75
2013-06-16,18.3,30.1,24.2
2013-06-17,19.7,31.2,25.45
2013-06-18,19.3,29.9,24.6
2013-06-19,19.0,32.5,25.75
2013-06-20,21.0,33.4,27.2
2013-06-21,18.0,29.9,23.95
2013-06-22,17.4,29.2,23.3
2013-06-23,15.3,30.4,22.85
2013-06-24,11.9,19.6,15.75
2013-06-25,14.6,26.3,20.45
2013-06-26,15.8,26.3,21.05
2013-06-27,12.5,22.9,17.7
2013-06-28,11.3,21.5,16.4
2013-06-29,11.1,21.0,16.05
2013-06-30,10.2,29.4,19.8
2013-07-01,13.7,27.4,20.55
2013-07-02,15.0,28.4,21.7
2013-07-03,17.4,27.4,22.4
2013-07-04,17.9,33.3,25.6
2013-07-05,18.4,35.3,26.85
2013-07-06,19.9,33.7,26.8
2013-07-07,18.1,33.1,25.6
2013-07-08,18.5,30.9,24.7
2013-07-09,18.1,32.1,25.1
2013-07-10,19.9,28.4,24.15
2013-07-11,17.5,30.9,24.2
2013-07-12,18.8,28.7,23.75
2013-07-13,20.1,29.6,24.85
2013-07-14,16.5,30.1,23.3
2013-07-15,16.7,31.6,24.15
2013-07-16,17.2,30.6,23.9
2013-07-17,21.9,30.1,26.0
2013-07-18,19.8,27.9,23.85
2013-07-19,19.3,31.7,25.5
2013-07-20,19.4,32.0,25.7
2013-07-21,19.4,31.3,25.35
2013-07-22,17.9,32.5,25.2
2013-07-23,18.3,32.3,25.3
2013-07-24,21.1,32.3,26.7
2013-07-25,19.3,33.4,26.35
2013-07-26,19.9,33.6,26.75
2013-07-27,20.0,34.6,27.3
2013-07-28,21.9,35.8,28.85
2013-07-29,17.1,27.6,22.35
2013-07-30,17.2,30.1,23.65
2013-07-31,14.8,31.6,23.2
2013-08-01,17.0,32.9,24.95
2013-08-02,18.1,34.9,26.5
2013-08-03,17.8,35.3,26.55
2013-08-04,19.5,35.7,27.6
2013-08-05,22.9,35.5,29.2
2013-08-06,19.4,36.0,27.7
2013-08-07,19.7,33.6,26.65
2013-08-08,21.4,33.5,27.45
2013-08-09,18.2,28.4,23.3
2013-08-10,16.8,29.8,23.3
2013-08-11,16.5,30.2,23.35
2013-08-12,17.8,31.3,24.55
2013-08-13,18.8,32.2,25.5
2013-08-14,18.4,26.7,22.55
2013-08-15,17.1,28.4,22.75
2013-08-16,18.0,30.2,24.1
2013-08-17,16.0,31.8,23.9
2013-08-18,15.4,32.8,24.1
2013-08-19,16.8,31.7,24.25
2013-08-20,17.5,27.1,22.3
2013-08-21,16.3,28.6,22.45
2013-08-22,13.3,29.3,21.3
2013-08-23,16.7,28.6,22.65
2013-08-24,15.5,28.1,21.8
2013-08-25,16.7,24.6,20.65
2013-08-26,15.6,23.4,19.5
2013-08-27,16.2,24.6,20.4
2013-08-28,14.2,26.5,20.35
2013-08-29,14.2,25.6,19.9
2013-08-30,16.0,26.2,21.1
2013-08-31,14.9,27.3,21.1
2013-09-01,16.5,26.7,21.6
2013-09-02,15.0,27.2,21.1
2013-09-03,12.4,29.3,20.85
2013-09-04,13.8,28.5,21.15
2013-09-05,19.8,28.7,24.25
2013-09-06,19.9,28.4,24.15
2013-09-07,18.8,29.5,24.15
2013-09-08,18.5,24.1,21.3
2013-09-09,17.1,25.6,21.35
2013-09-10,14.2,22.1,18.15
2013-09-11,12.6,19.9,16.25
2013-09-12,10.6,21.0,15.8
2013-09-13,10.7,22.2,16.45
2013-09-14,10.8,22.3,16.55
2013-09-15,14.2,19.7,16.95
2013-09-16,12.3,21.4,16.85
2013-09-17,11.8,19.8,15.8
2013-09-18,11.4,19.3,15.35
2013-09-19,12.0,24.4,18.2
2013-09-20,12.9,22.8,17.85
2013-09-21,9.5,23.3,16.4
2013-09-22,11.4,21.1,16.25
2013-09-23,11.3,24.0,17.65
2013-09-24,9.3,24.6,16.95
2013-09-25,15.4,22.9,19.15
2013-09-26,12.5,23.1,17.8
2013-09-27,14.6,23.9,19.25
2013-09-28,18.1,23.1,20.6
2013-09-29,16.3,21.6,18.95
2013-09-30,14.6,18.6,16.6
2013-10-01,14.7,19.9,17.3
2013-10-02,13.7,20.0,16.85
2013-10-03,13.9,16.1,15.0
2013-10-04,13.1,15.3,14.2
2013-10-05,11.8,15.6,13.7
2013-10-06,12.9,18.5,15.7
2013-10-07,14.0,17.2,15.6
2013-10-08,14.2,18.6,16.4
2013-10-09,14.5,19.3,16.9
2013-10-10,8.2,16.0,12.1
2013-10-11,5.6,11.8,8.7
2013-10-12,5.2,11.4,8.3
2013-10-13,6.1,13.5,9.8
2013-10-14,10.0,14.5,12.25
2013-10-15,11.0,14.5,12.75
2013-10-16,9.0,20.1,14.55
2013-10-17,5.8,18.0,11.9
2013-10-18,6.4,15.7,11.05
2013-10-19,5.2,16.3,10.75
2013-10-20,10.4,14.8,12.6
2013-10-21,11.5,17.4,14.45
2013-10-22,13.7,15.5,14.6
2013-10-23,13.0,15.8,14.4
2013-10-24,13.7,17.5,15.6
2013-10-25,13.4,18.7,16.05
2013-10-26,11.1,18.4,14.75
2013-10-27,13.2,16.5,14.85
2013-10-28,11.3,19.1,15.2
2013-10-29,12.1,14.7,13.4
2013-10-30,12.2,14.7,13.45
2013-10-31,11.9,17.0,14.45
2013-11-01,11.6,16.3,13.95
2013-11-02,13.2,15.4,14.3
2013-11-03,11.0,17.6,14.3
2013-11-04,8.4,11.5,9.95
2013-11-05,7.7,14.3,11.0
2013-11-06,8.9,12.8,10.85
2013-11-07,8.2,14.2,11.2
2013-11-08,9.1,12.3,10.7
2013-11-09,8.8,13.1,10.95
2013-11-10,5.9,12.3,9.1
2013-11-11,9.8,14.0,11.9
2013-11-12,6.1,13.9,10.0
2013-11-13,6.8,14.6,10.7
2013-11-14,4.9,10.0,7.45
2013-11-15,6.9,9.0,7.95
2013-11-16,5.6,12.5,9.05
2013-11-17,8.8,10.3,9.55
2013-11-18,8.6,10.1,9.35
2013-11-19,7.3,10.1,8.7
2013-11-20,7.3,10.6,8.95
2013-11-21,3.3,8.7,6.0
2013-11-22,1.6,7.4,4.5
2013-11-23,5.3,10.9,8.1
2013-11-24,4.8,13.3,9.05
2013-11-25,3.8,11.5,7.65
2013-11-26,2.7,6.5,4.6
2013-11-27,-1.1,5.9,2.4
2013-11-28,-4.4,4.2,-0.1
2013-11-29,-2.2,5.2,1.5
2013-11-30,0.2,6.0,3.1
2013-12-01,0.4,8.3,4.35
2013-12-02,-0.7,10.0,4.65
2013-12-03,-1.2,7.3,3.05
2013-12-04,0.6,8.3,4.45
2013-12-05,-0.8,9.5,4.35
2013-12-06,-2.2,15.5,6.65
2013-12-07,0.1,10.5,5.3
2013-12-08,-2.4,4.7,1.15
2013-12-09,-2.0,3.8,0.9
2013-12-10,-1.0,8.4,3.7
2013-12-11,-1.5,6.3,2.4
2013-12-12,-1.4,7.4,3.0
2013-12-13,-0.2,8.3,4.05
2013-12-14,0.5,7.4,3.95
2013-12-15,0.4,10.3,5.35
2013-12-16,0.0,7.7,3.85
2013-12-17,-1.4,7.5,3.05
2013-12-18,-1.8,6.0,2.1
2013-12-19,-3.5,1.7,-0.9
2013-12-20,0.6,5.1,2.85
2013-12-21,0.8,6.0,3.4
2013-12-22,4.5,5.9,5.2
2013-12-23,5.2,8.2,6.7
2013-12-24,5.4,9.4,7.4
2013-12-25,7.8,10.3,9.05
2013-12-26,3.3,7.9,5.6
2013-12-27,2.0,10.2,6.1
2013-12-28,0.8,5.7,3.25
2013-12-29,3.8,8.1,5.95
2013-12-30,2.0,7.5,4.75
2013-12-31,0.0,4.8,2.4
2017-01-01,-3.8,4.5,0.35
2017-01-02,-5.2,4.8,-0.2
2017-01-03,-3.0,9.3,3.15
2017-01-04,-5.1,9.0,1.95
2017-01-05,2.2,6.9,4.55
2017-01-06,0.1,3.5,1.8
2017-01-07,-7.5,1.0,-3.25
2017-01-08,-7.7,0.5,-3.6
2017-01-09,-6.6,6.1,-0.25
2017-01-10,-5.6,2.7,-1.45
2017-01-11,-3.8,1.9,-0.95
2017-01-12,-6.4,2.5,-1.95
2017-01-13,-0.8,5.4,2.3
2017-01-14,-1.9,5.5,1.8
2017-01-15,0.1,5.3,2.7
2017-01-16,-4.1,4.1,0.0
2017-01-17,1.4,5.0,3.2
2017-01-18,-0.7,5.7,2.5
2017-01-19,-4.6,5.1,0.25
2017-01-20,-5.9,4.5,-0.7
2017-01-21,-3.6,5.3,0.85
2017-01-22,-2.9,5.7,1.4
2017-01-23,-5.4,5.3,-0.05
2017-01-24,-2.6,6.4,1.9
2017-01-25,-4.0,6.2,1.1
2017-01-26,-5.2,5.8,0.3
2017-01-27,-5.7,4.5,-0.6
2017-01-28,-5.8,5.0,-0.4
2017-01-29,-4.6,6.5,0.95
2017-01-30,-4.8,5.9,0.55
2017-01-31,2.0,3.9,2.95
2017-02-01,2.6,4.2,3.4
2017-02-02,3.4,5.6,4.5
2017-02-03,4.0,7.2,5.6
2017-02-04,4.4,7.2,5.8
2017-02-05,3.2,5.9,4.55
2017-02-06,3.4,10.9,7.15
2017-02-07,4.7,9.7,7.2
2017-02-08,4.0,9.6,6.8
2017-02-09,1.2,9.9,5.55
2017-02-10,3.1,6.9,5.0
2017-02-11,2.9,7.9,5.4
2017-02-12,2.7,10.4,6.55
2017-02-13,1.8,10.4,6.1
2017-02-14,2.7,11.5,7.1
2017-02-15,2.6,12.2,7.4
2017-02-16,3.4,13.8,8.6
2017-02-17,0.9,11.3,6.1
2017-02-18,0.3,12.7,6.5
2017-02-19,1.5,11.7,6.6
2017-02-20,-0.8,12.0,5.6
2017-02-21,2.6,10.8,6.7
2017-02-22,1.4,9.7,5.55
2017-02-23,6.2,10.4,8.3
2017-02-24,7.8,11.9,9.85
2017-02-25,2.7,13.0,7.85
2017-02-26,-0.3,11.6,5.65
2017-02-27,1.2,13.3,7.25
2017-02-28,7.0,9.4,8.2
2017-03-01,3.8,12.4,8.1
2017-03-02,1.2,13.7,7.45
2017-03-03,2.6,12.6,7.6
2017-03-04,8.0,12.2,10.1
2017-03-05,7.7,13.0,10.35
2017-03-06,4.7,13.6,9.15
2017-03-07,8.6,14.0,11.3
2017-03-08,6.1,15.4,10.75
2017-03-09,4.4,16.6,10.5
2017-03-10,8.9,17.8,13.35
2017-03-11,4.1,16.8,10.45
2017-03-12,2.9,15.8,9.35
2017-03-13,3.1,16.1,9.6
2017-03-14,5.4,21.1,13.25
2017-03-15,5.4,16.9,11.15
2017-03-16,4.7,20.2,12.45
2017-03-17,4.3,20.6,12.45
2017-03-18,6.9,19.5,13.2
2017-03-19,6.6,17.5,12.05
2017-03-20,5.8,19.4,12.6
2017-03-21,12.7,16.7,14.7
2017-03-22,12.1,16.2,14.15
2017-03-23,10.0,16.6,13.3
2017-03-24,10.6,19.3,14.95
2017-03-25,10.1,22.6,16.35
2017-03-26,9.3,17.8,13.55
2017-03-27,8.4,18.0,13.2
2017-03-28,5.1,20.9,13.0
2017-03-29,7.5,23.5,15.5
2017-03-30,7.2,24.0,15.6
2017-03-31,8.5,23.6,16.05
2017-04-01,9.6,21.9,15.75
2017-04-02,7.5,19.5,13.5
2017-04-03,9.5,23.9,16.7
2017-04-04,10.5,19.4,14.95
2017-04-05,8.7,15.4,12.05
2017-04-06,6.9,21.0,13.95
2017-04-07,6.6,21.1,13.85
2017-04-08,6.3,24.0,15.15
2017-04-09,8.1,23.7,15.9
2017-04-10,9.6,23.8,16.7
2017-04-11,9.6,23.6,16.6
2017-04-12,10.0,21.8,15.9
2017-04-13,10.9,23.3,17.1
2017-04-14,10.2,22.8,16.5
2017-04-15,12.1,20.1,16.1
2017-04-16,8.7,21.7,15.2
2017-04-17,7.3,16.3,11.8
2017-04-18,8.6,13.6,11.1
2017-04-19,5.7,12.3,9.0
2017-04-20,6.2,14.2,10.2
2017-04-21,4.0,18.8,11.4
2017-04-22,3.6,20.6,12.1
2017-04-23,6.9,21.3,14.1
2017-04-24,12.4,16.3,14.35
2017-04-25,12.5,18.4,15.45
2017-04-26,10.3,15.1,12.7
2017-04-27,9.7,15.5,12.6
2017-04-28,8.1,13.8,10.95
2017-04-29,6.5,18.6,12.55
2017-04-30,5.0,19.5,12.25
2017-05-01,6.9,14.8,10.85
2017-05-02,5.8,20.7,13.25
2017-05-03,8.8,16.4,12.6
2017-05-04,10.1,15.7,12.9
2017-05-05,9.4,22.8,16.1
2017-05-06,9.0,15.3,12.15
2017-05-07,10.6,20.3,15.45
2017-05-08,9.9,22.2,16.05
2017-05-09,11.8,22.6,17.2
2017-05-10,12.8,20.4,16.6
2017-05-11,13.6,20.5,17.05
2017-05-12,12.9,22.9,17.9
2017-05-13,14.6,26.2,20.4
2017-05-14,15.8,25.8,20.8
2017-05-15,15.0,25.5,20.25
2017-05-16,11.8,27.2,19.5
2017-05-17,13.3,27.7,20.5
2017-05-18,19.6,26.1,22.85
2017-05-19,13.8,23.6,18.7
2017-05-20,12.6,21.7,17.15
2017-05-21,15.1,26.4,20.75
2017-05-22,12.4,27.4,19.9
2017-05-23,13.2,28.7,20.95
2017-05-24,13.6,28.7,21.15
2017-05-25,17.0,28.4,22.7
2017-05-26,15.0,27.3,21.15
2017-05-27,14.7,29.2,21.95
2017-05-28,15.6,30.5,23.05
2017-05-29,16.7,30.7,23.7
2017-05-30,17.8,31.2,24.5
2017-05-31,18.0,30.6,24.3
2017-06-01,17.5,30.7,24.1
2017-06-02,18.6,28.3,23.45
2017-06-03,18.1,29.9,24.0
2017-06-04,18.5,25.2,21.85
2017-06-05,16.3,23.6,19.95
2017-06-06,16.0,21.6,18.8
2017-06-07,13.2,26.4,19.8
2017-06-08,9.8,25.5,17.65
2017-06-09,12.4,26.8,19.6
2017-06-10,15.4,31.0,23.2
2017-06-11,15.9,30.7,23.3
2017-06-12,18.9,31.7,25.3
2017-06-13,19.6,32.2,25.9
2017-06-14,20.5,27.4,23.95
2017-06-15,18.0,31.3,24.65
2017-06-16,20.2,32.2,26.2
2017-06-17,22.6,32.4,27.5
2017-06-18,16.6,30.8,23.7
2017-06-19,17.6,31.5,24.55
2017-06-20,18.6,33.3,25.95
2017-06-21,18.9,33.1,26.0
2017-06-22,18.4,32.4,25.4
2017-06-23,22.6,32.7,27.65
2017-06-24,20.8,33.7,27.25
2017-06-25,17.8,27.1,22.45
2017-06-26,15.6,30.7,23.15
2017-06-27,19.6,26.6,23.1
2017-06-28,15.0,25.8,20.4
2017-06-29,14.8,25.1,19.95
2017-06-30,14.2,23.0,18.6
2017-07-01,13.0,25.7,19.35
2017-07-02,14.2,27.6,20.9
2017-07-03,13.5,29.7,21.6
2017-07-04,17.8,29.0,23.4
2017-07-05,19.4,30.8,25.1
2017-07-06,17.7,32.5,25.1
2017-07-07,19.3,32.0,25.65
2017-07-08,19.5,33.7,26.6
2017-07-09,17.9,29.2,23.55
2017-07-10,19.6,30.1,24.85
2017-07-11,18.1,28.2,23.15
2017-07-12,17.1,29.3,23.2
2017-07-13,21.9,31.9,26.9
2017-07-14,18.4,27.0,22.7
2017-07-15,16.4,28.3,22.35
2017-07-16,15.2,28.6,21.9
2017-07-17,15.1,29.2,22.15
2017-07-18,19.5,30.9,25.2
2017-07-19,20.5,30.8,25.65
2017-07-20,19.2,30.3,24.75
2017-07-21,19.7,28.8,24.25
2017-07-22,19.2,30.0,24.6
2017-07-23,19.2,31.1,25.15
2017-07-24,17.7,23.3,20.5
2017-07-25,15.4,25.0,20.2
2017-07-26,12.2,26.1,19.15
2017-07-27,17.7,27.4,22.55
2017-07-28,15.2,30.0,22.6
2017-07-29,17.7,31.0,24.35
2017-07-30,18.7,30.4,24.55
2017-07-31,18.8,31.6,25.2
2017-08-01,19.7,34.2,26.95
2017-08-02,20.9,35.0,27.95
2017-08-03,20.1,34.6,27.35
2017-08-04,21.0,35.1,28.05
2017-08-05,23.5,35.5,29.5
2017-08-06,19.3,28.0,23.65
2017-08-07,17.7,29.2,23.45
2017-08-08,17.8,30.1,23.95
2017-08-09,18.6,31.2,24.9
2017-08-10,17.3,25.8,21.55
2017-08-11,16.2,25.4,20.8
2017-08-12,15.4,26.1,20.75
2017-08-13,13.7,28.2,20.95
2017-08-14,17.1,28.8,22.95
2017-08-15,16.0,30.2,23.1
2017-08-16,18.2,28.2,23.2
2017-08-17,16.9,30.7,23.8
2017-08-18,19.1,31.7,25.4
2017-08-19,17.1,26.4,21.75
2017-08-20,16.4,26.0,21.2
2017-08-21,15.3,26.3,20.8
2017-08-22,13.4,25.7,19.55
2017-08-23,14.3,27.6,20.95
2017-08-24,15.5,30.0,22.75
2017-08-25,19.1,30.5,24.8
2017-08-26,18.3,30.7,24.5
2017-08-27,19.2,28.8,24.0
2017-08-28,20.1,27.6,23.85
2017-08-29,16.6,29.4,23.0
2017-08-30,16.2,29.7,22.95
2017-08-31,18.5,29.7,24.1
2017-09-01,16.8,22.9,19.85
2017-09-02,13.3,18.8,16.05
2017-09-03,13.3,22.5,17.9
2017-09-04,10.6,23.5,17.05
2017-09-05,14.8,25.9,20.35
2017-09-06,14.3,25.1,19.7
2017-09-07,17.9,25.3,21.6
2017-09-08,16.0,24.1,20.05
2017-09-09,16.6,24.5,20.55
2017-09-10,14.2,16.3,15.25
2017-09-11,13.9,20.4,17.15
2017-09-12,11.2,19.0,15.1
2017-09-13,9.9,18.8,14.35
2017-09-14,12.5,20.2,16.35
2017-09-15,11.1,18.8,14.95
2017-09-16,13.1,18.0,15.55
2017-09-17,10.2,16.4,13.3
2017-09-18,10.1,18.0,14.05
2017-09-19,12.0,17.0,14.5
2017-09-20,12.0,20.2,16.1
2017-09-21,7.7,19.7,13.7
2017-09-22,7.1,21.7,14.4
2017-09-23,9.7,20.6,15.15
2017-09-24,13.5,21.4,17.45
2017-09-25,12.0,20.4,16.2
2017-09-26,11.4,21.7,16.55
2017-09-27,9.4,21.7,15.55
2017-09-28,10.3,21.5,15.9
2017-09-29,14.1,20.6,17.35
2017-09-30,14.2,19.7,16.95
2017-10-01,13.9,16.6,15.25
2017-10-02,12.2,20.3,16.25
2017-10-03,14.5,16.3,15.4
2017-10-04,10.7,18.3,14.5
2017-10-05,10.6,21.3,15.95
2017-10-06,13.3,20.2,16.75
2017-10-07,5.4,18.9,12.15
2017-10-08,8.2,18.9,13.55
2017-10-09,6.0,18.3,12.15
2017-10-10,6.8,19.1,12.95
2017-10-11,9.8,19.3,14.55
2017-10-12,10.9,21.3,16.1
2017-10-13,9.6,19.3,14.45
2017-10-14,8.7,20.6,14.65
2017-10-15,7.6,19.5,13.55
2017-10-16,9.5,20.8,15.15
2017-10-17,8.0,19.2,13.6
2017-10-18,6.6,20.3,13.45
2017-10-19,7.2,18.5,12.85
2017-10-20,6.7,18.6,12.65
2017-10-21,9.7,18.0,13.85
2017-10-22,11.8,14.6,13.2
2017-10-23,6.0,18.1,12.05
2017-10-24,7.4,21.2,14.3
2017-10-25,7.8,16.2,12.0
2017-10-26,7.0,16.2,11.6
2017-10-27,6.9,20.7,13.8
2017-10-28,3.9,15.3,9.6
2017-10-29,2.4,19.2,10.8
2017-10-30,10.8,17.6,14.2
2017-10-31,3.7,12.6,8.15
2017-11-01,2.0,12.7,7.35
2017-11-02,2.1,10.8,6.45
2017-11-03,3.5,13.8,8.65
2017-11-04,3.5,10.7,7.1
2017-11-05,7.8,10.7,9.25
2017-11-06,7.2,12.3,9.75
2017-11-07,8.1,11.3,9.7
2017-11-08,6.8,11.9,9.35
2017-11-09,5.7,12.6,9.15
2017-11-10,3.4,10.7,7.05
2017-11-11,2.7,11.0,6.85
2017-11-12,5.0,11.4,8.2
2017-11-13,6.4,10.7,8.55
2017-11-14,7.3,12.6,9.95
2017-11-15,4.2,11.7,7.95
2017-11-16,1.7,10.6,6.15
2017-11-17,1.1,11.0,6.05
2017-11-18,0.1,10.6,5.35
2017-11-19,-0.8,13.4,6.3
2017-11-20,-1.0,8.7,3.85
2017-11-21,-1.5,7.2,2.85
2017-11-22,-0.8,8.2,3.7
2017-11-23,2.0,9.9,5.95
2017-11-24,1.9,8.5,5.2
2017-11-25,4.8,9.2,7.0
2017-11-26,4.8,10.7,7.75
2017-11-27,-1.5,8.4,3.45
2017-11-28,-3.5,3.2,-0.15
2017-11-29,1.6,3.5,2.55
2017-11-30,1.8,8.7,5.25
2017-12-01,-0.4,3.5,1.55
2017-12-02,0.2,5.4,2.8
2017-12-03,-3.0,5.5,1.25
2017-12-04,-3.1,3.2,0.05
2017-12-05,-3.7,5.9,1.1
2017-12-06,-1.8,8.0,3.1
2017-12-07,-3.7,3.6,-0.05
2017-12-08,-0.9,6.9,3.0
2017-12-09,0.0,7.2,3.6
2017-12-10,-4.4,2.0,-1.2
2017-12-11,-2.4,0.9,-0.75
2017-12-12,0.7,9.9,5.3
2017-12-13,1.8,7.8,4.8
2017-12-14,-0.8,3.4,1.3
2017-12-15,-3.1,6.5,1.7
2017-12-16,-2.5,6.0,1.75
2017-12-17,-3.7,6.5,1.4
2017-12-18,-5.2,3.0,-1.1
2017-12-19,-6.7,0.9,-2.9
2017-12-20,-4.1,2.8,-0.65
2017-12-21,-5.9,2.2,-1.85
2017-12-22,-4.5,1.0,-1.75
2017-12-23,-4.7,10.1,2.7
2017-12-24,-0.5,9.4,4.45
2017-12-25,-4.2,3.3,-0.45
2017-12-26,-1.1,3.1,1.0
2017-12-27,0.6,2.1,1.35
2017-12-28,0.5,7.1,3.8
2017-12-29,-1.4,4.7,1.65
2017-12-30,-2.0,3.1,0.55
2017-12-31,-3.9,2.2,-0.85
2021-01-01,-2.3,0.4,-0.95
2021-01-02,-0.6,2.3,0.85
2021-01-03,0.6,3.3,1.95
2021-01-04,0.6,4.3,2.45
2021-01-05,-0.7,3.5,1.4
2021-01-06,0.0,2.9,1.45
2021-01-07,-3.5,0.8,-1.35
2021-01-08,-4.5,1.7,-1.4
2021-01-09,-4.6,-0.6,-2.6
2021-01-10,-6.3,-0.3,-3.3
2021-01-11,-8.7,-1.5,-5.1
2021-01-12,-9.4,-1.4,-5.4
2021-01-13,-7.6,4.2,-1.7
2021-01-14,-3.9,7.3,1.7
2021-01-15,-0.2,4.1,1.95
2021-01-16,-4.7,2.7,-1.0
2021-01-17,-5.4,-0.5,-2.95
2021-01-18,-6.9,0.7,-3.1
2021-01-19,-5.4,1.5,-1.95
2021-01-20,-4.1,2.1,-1.0
2021-01-21,0.1,1.2,0.65
2021-01-22,0.5,3.2,1.85
2021-01-23,0.8,8.2,4.5
2021-01-24,0.7,6.1,3.4
2021-01-25,-0.9,2.9,1.0
2021-01-26,-1.9,6.6,2.35
2021-01-27,-3.5,2.3,-0.6
2021-01-28,-1.8,2.6,0.4
2021-01-29,-2.5,2.8,0.15
2021-01-30,-1.5,6.2,2.35
2021-01-31,2.4,6.8,4.6
2021-02-01,1.2,6.8,4.0
2021-02-02,0.0,7.3,3.65
2021-02-03,2.3,4.2,3.25
2021-02-04,3.4,9.6,6.5
2021-02-05,2.6,7.8,5.2
2021-02-06,2.6,7.1,4.85
2021-02-07,4.2,5.9,5.05
2021-02-08,3.0,10.4,6.7
2021-02-09,2.7,8.2,5.45
2021-02-10,2.8,7.0,4.9
2021-02-11,0.0,8.8,4.4
2021-02-12,-0.4,2.9,1.25
2021-02-13,-2.3,4.8,1.25
2021-02-14,-3.9,2.8,-0.55
2021-02-15,-3.5,3.6,0.05
2021-02-16,-4.4,8.0,1.8
2021-02-17,-0.7,10.0,4.65
2021-02-18,-2.2,10.1,3.95
2021-02-19,2.6,11.8,7.2
2021-02-20,4.1,13.5,8.8
2021-02-21,4.0,13.0,8.5
2021-02-22,3.7,13.2,8.45
2021-02-23,3.9,14.7,9.3
2021-02-24,5.9,16.4,11.15
2021-02-25,5.9,16.2,11.05
2021-02-26,5.9,15.9,10.9
2021-02-27,5.8,18.9,12.35
2021-02-28,3.3,14.7,9.0
2021-03-01,0.6,13.9,7.25
2021-03-02,1.0,15.4,8.2
2021-03-03,1.3,12.9,7.1
2021-03-04,1.2,13.6,7.4
2021-03-05,2.0,14.5,8.25
2021-03-06,4.1,11.5,7.8
2021-03-07,-0.6,12.4,5.9
2021-03-08,-0.3,13.2,6.45
2021-03-09,1.1,13.4,7.25
2021-03-10,0.3,13.8,7.05
2021-03-11,1.8,10.6,6.2
2021-03-12,5.5,14.4,9.95
2021-03-13,1.6,15.5,8.55
2021-03-14,3.6,12.2,7.9
2021-03-15,-0.7,13.4,6.35
2021-03-16,5.5,12.5,9.0
2021-03-17,0.8,12.5,6.65
2021-03-18,2.5,10.3,6.4
2021-03-19,-1.2,10.0,4.4
2021-03-20,-0.8,8.9,4.05
2021-03-21,-1.5,12.5,5.5
2021-03-22,8.4,13.6,11.0
2021-03-23,4.8,15.8,10.3
2021-03-24,1.1,18.5,9.8
2021-03-25,2.1,19.8,10.95
2021-03-26,4.3,18.7,11.5
2021-03-27,8.8,17.1,12.95
2021-03-28,7.6,19.2,13.4
2021-03-29,9.3,21.9,15.6
2021-03-30,6.1,25.3,15.7
2021-03-31,9.1,25.2,17.15
2021-04-01,9.9,25.6,17.75
2021-04-02,9.7,25.1,17.4
2021-04-03,10.7,18.9,14.8
2021-04-04,7.0,17.7,12.35
2021-04-05,3.7,15.9,9.8
2021-04-06,4.1,10.7,7.4
2021-04-07,-0.7,9.2,4.25
2021-04-08,-0.6,15.7,7.55
2021-04-09,1.5,15.4,8.45
2021-04-10,7.8,16.1,11.95
2021-04-11,7.8,11.5,9.65
2021-04-12,4.3,12.2,8.25
2021-04-13,4.2,12.7,8.45
2021-04-14,4.3,13.5,8.9
2021-04-15,2.1,10.8,6.45
2021-04-16,2.1,14.8,8.45
2021-04-17,2.2,16.9,9.55
2021-04-18,6.6,16.2,11.4
2021-04-19,5.4,16.7,11.05
2021-04-20,4.0,19.0,11.5
2021-04-21,6.6,19.5,13.05
2021-04-22,7.2,21.0,14.1
2021-04-23,6.6,22.2,14.4
2021-04-24,9.6,22.7,16.15
2021-04-25,7.7,24.1,15.9
2021-04-26,12.2,16.4,14.3
2021-04-27,11.1,18.4,14.75
2021-04-28,9.5,21.6,15.55
2021-04-29,12.2,17.3,14.75
2021-04-30,12.4,20.6,16.5
2021-05-01,12.0,20.3,16.15
2021-05-02,11.6,19.9,15.75
2021-05-03,8.7,19.8,14.25
2021-05-04,10.6,20.6,15.6
2021-05-05,9.1,20.7,14.9
2021-05-06,9.8,19.0,14.4
2021-05-07,14.0,21.8,17.9
2021-05-08,10.0,21.7,15.85
2021-05-09,8.1,24.5,16.3
2021-05-10,12.3,26.6,19.45
2021-05-11,12.7,19.8,16.25
2021-05-12,11.6,17.6,14.6
2021-05-13,10.3,21.8,16.05
2021-05-14,11.5,20.6,16.05
2021-05-15,11.1,18.7,14.9
2021-05-16,8.4,21.0,14.7
2021-05-17,10.1,22.2,16.15
2021-05-18,7.0,23.0,15.0
2021-05-19,11.3,20.1,15.7
2021-05-20,7.4,22.5,14.95
2021-05-21,8.9,22.1,15.5
2021-05-22,11.1,19.7,15.4
2021-05-23,11.3,20.0,15.65
2021-05-24,10.7,14.0,12.35
2021-05-25,9.0,19.9,14.45
2021-05-26,7.8,22.7,15.25
2021-05-27,10.8,23.0,16.9
2021-05-28,8.4,24.8,16.6
2021-05-29,11.6,22.0,16.8
2021-05-30,8.6,24.5,16.55
2021-05-31,14.1,23.2,18.65
2021-06-01,13.1,25.5,19.3
2021-06-02,16.4,25.9,21.15
2021-06-03,13.3,27.9,20.6
2021-06-04,15.2,29.1,22.15
2021-06-05,15.9,29.0,22.45
2021-06-06,16.1,26.6,21.35
2021-06-07,17.3,23.1,20.2
2021-06-08,16.8,26.9,21.85
2021-06-09,16.4,27.6,22.0
2021-06-10,18.7,27.3,23.0
2021-06-11,17.3,27.7,22.5
2021-06-12,13.8,30.9,22.35
2021-06-13,16.1,33.0,24.55
2021-06-14,14.7,30.7,22.7
2021-06-15,20.1,29.4,24.75
2021-06-16,17.3,30.2,23.75
2021-06-17,18.8,31.9,25.35
2021-06-18,23.4,31.4,27.4
2021-06-19,20.6,32.6,26.6
2021-06-20,20.1,32.4,26.25
2021-06-21,21.4,32.6,27.0
2021-06-22,19.5,32.1,25.8
2021-06-23,16.9,33.6,25.25
2021-06-24,17.0,31.0,24.0
2021-06-25,15.9,30.1,23.0
2021-06-26,17.0,30.7,23.85
2021-06-27,17.6,31.7,24.65
2021-06-28,18.0,33.6,25.8
2021-06-29,20.9,32.2,26.55
2021-06-30,17.4,29.8,23.6
2021-07-01,15.6,28.1,21.85
2021-07-02,15.1,30.2,22.65
2021-07-03,18.0,30.8,24.4
2021-07-04,17.2,25.5,21.35
2021-07-05,17.0,28.4,22.7
2021-07-06,15.3,31.7,23.5
2021-07-07,18.7,33.5,26.1
2021-07-08,18.3,27.7,23.0
2021-07-09,17.7,29.5,23.6
2021-07-10,16.6,30.5,23.55
2021-07-11,18.7,29.1,23.9
2021-07-12,16.2,31.0,23.6
2021-07-13,17.1,26.5,21.8
2021-07-14,16.0,22.2,19.1
2021-07-15,14.4,22.8,18.6
2021-07-16,15.6,23.5,19.55
2021-07-17,17.1,28.7,22.9
2021-07-18,18.4,30.9,24.65
2021-07-19,20.4,32.2,26.3
2021-07-20,17.0,30.9,23.95
2021-07-21,18.0,31.3,24.65
2021-07-22,17.7,29.9,23.8
2021-07-23,17.0,29.7,23.35
2021-07-24,20.5,30.2,25.35
2021-07-25,18.7,28.5,23.6
2021-07-26,17.6,23.4,20.5
2021-07-27,17.7,24.3,21.0
2021-07-28,17.1,28.7,22.9
2021-07-29,17.4,29.8,23.6
2021-07-30,17.7,30.2,23.95
2021-07-31,18.9,30.1,24.5
2021-08-01,17.2,21.1,19.15
2021-08-02,15.7,24.1,19.9
2021-08-03,14.8,21.0,17.9
2021-08-04,16.1,21.5,18.8
2021-08-05,16.0,27.3,21.65
2021-08-06,15.3,27.8,21.55
2021-08-07,16.9,27.8,22.35
2021-08-08,17.9,28.7,23.3
2021-08-09,17.4,29.2,23.3
2021-08-10,15.2,29.7,22.45
2021-08-11,17.2,31.2,24.2
2021-08-12,17.2,31.9,24.55
2021-08-13,18.9,30.3,24.6
2021-08-14,19.4,32.7,26.05
2021-08-15,19.7,32.9,26.3
2021-08-16,16.9,28.0,22.45
2021-08-17,16.2,26.4,21.3
2021-08-18,15.0,27.4,21.2
2021-08-19,16.4,27.7,22.05
2021-08-20,16.7,28.6,22.65
2021-08-21,16.0,29.4,22.7
2021-08-22,17.6,26.8,22.2
2021-08-23,16.1,26.1,21.1
2021-08-24,13.1,27.6,20.35
2021-08-25,15.0,26.0,20.5
2021-08-26,16.1,26.9,21.5
2021-08-27,16.0,25.3,20.65
2021-08-28,12.7,23.9,18.3
2021-08-29,9.6,22.5,16.05
2021-08-30,12.8,20.9,16.85
2021-08-31,10.5,23.8,17.15
2021-09-01,11.7,26.8,19.25
2021-09-02,12.5,26.6,19.55
2021-09-03,13.7,26.7,20.2
2021-09-04,13.0,27.3,20.15
2021-09-05,13.5,27.8,20.65
2021-09-06,14.4,27.6,21.0
2021-09-07,13.5,27.5,20.5
2021-09-08,15.7,27.6,21.65
2021-09-09,13.9,27.8,20.85
2021-09-10,12.4,27.7,20.05
2021-09-11,14.0,28.7,21.35
2021-09-12,14.4,28.4,21.4
2021-09-13,14.0,29.7,21.85
2021-09-14,14.1,29.6,21.85
2021-09-15,14.9,24.1,19.5
2021-09-16,18.3,20.4,19.35
2021-09-17,17.6,26.7,22.15
2021-09-18,17.3,25.7,21.5
2021-09-19,14.7,20.0,17.35
2021-09-20,13.2,22.8,18.0
2021-09-21,12.5,23.0,17.75
2021-09-22,12.5,19.5,16.0
2021-09-23,12.5,21.7,17.1
2021-09-24,11.1,23.8,17.45
2021-09-25,12.0,23.8,17.9
2021-09-26,14.3,20.0,17.15
2021-09-27,15.5,24.4,19.95
2021-09-28,13.7,24.8,19.25
2021-09-29,14.4,22.2,18.3
2021-09-30,14.0,22.7,18.35
2021-10-01,13.4,21.8,17.6
2021-10-02,11.4,21.6,16.5
2021-10-03,14.3,18.2,16.25
2021-10-04,15.1,22.0,18.55
2021-10-05,14.4,19.8,17.1
2021-10-06,13.1,16.1,14.6
2021-10-07,14.5,19.5,17.0
2021-10-08,12.2,20.3,16.25
2021-10-09,10.5,18.3,14.4
2021-10-10,6.3,16.5,11.4
2021-10-11,6.0,18.1,12.05
2021-10-12,6.3,13.6,9.95
2021-10-13,4.9,17.4,11.15
2021-10-14,2.6,15.5,9.05
2021-10-15,2.4,13.7,8.05
2021-10-16,3.8,17.5,10.65
2021-10-17,4.4,15.5,9.95
2021-10-18,4.7,16.8,10.75
2021-10-19,5.6,14.2,9.9
2021-10-20,4.7,17.5,11.1
2021-10-21,12.2,16.3,14.25
2021-10-22,9.3,18.0,13.65
2021-10-23,6.5,15.4,10.95
2021-10-24,4.2,13.2,8.7
2021-10-25,3.8,12.1,7.95
2021-10-26,3.9,13.0,8.45
2021-10-27,3.1,13.2,8.15
2021-10-28,4.1,12.6,8.35
2021-10-29,3.9,15.1,9.5
2021-10-30,1.7,13.1,7.4
2021-10-31,6.9,14.5,10.7
2021-11-01,8.3,10.9,9.6
2021-11-02,6.9,13.8,10.35
2021-11-03,5.3,8.4,6.85
2021-11-04,6.3,9.2,7.75
2021-11-05,4.3,11.5,7.9
2021-11-06,3.9,10.7,7.3
2021-11-07,3.9,11.5,7.7
2021-11-08,2.2,8.5,5.35
2021-11-09,1.9,10.5,6.2
2021-11-10,6.2,13.2,9.7
2021-11-11,6.2,14.1,10.15
2021-11-12,4.7,13.1,8.9
2021-11-13,4.2,9.8,7.0
2021-11-14,8.2,10.0,9.1
2021-11-15,8.0,12.1,10.05
2021-11-16,5.2,10.6,7.9
2021-11-17,6.0,12.4,9.2
2021-11-18,4.7,13.6,9.15
2021-11-19,3.4,11.4,7.4
2021-11-20,2.4,11.5,6.95
2021-11-21,1.0,11.5,6.25
2021-11-22,6.7,10.5,8.6
2021-11-23,2.6,11.8,7.2
2021-11-24,0.2,8.8,4.5
2021-11-25,-0.6,4.7,2.05
2021-11-26,3.4,6.7,5.05
2021-11-27,4.9,8.0,6.45
2021-11-28,1.8,5.5,3.65
2021-11-29,3.1,7.8,5.45
2021-11-30,-2.3,3.5,0.6
2021-12-01,-1.6,5.7,2.05
2021-12-02,2.8,7.6,5.2
2021-12-03,-1.1,8.4,3.65
2021-12-04,-0.3,4.0,1.85
2021-12-05,1.3,7.0,4.15
2021-12-06,1.9,7.7,4.8
2021-12-07,-1.2,4.2,1.5
2021-12-08,-1.5,1.7,0.1
2021-12-09,-1.3,6.6,2.65
2021-12-10,-5.7,1.7,-2.0
2021-12-11,-0.4,8.8,4.2
2021-12-12,-1.1,9.5,4.2
2021-12-13,-0.3,8.0,3.85
2021-12-14,0.6,6.8,3.7
2021-12-15,-0.3,6.5,3.1
2021-12-16,-2.1,5.6,1.75
2021-12-17,-1.2,6.8,2.8
2021-12-18,-2.9,6.5,1.8
2021-12-19,-1.8,8.0,3.1
2021-12-20,-1.9,7.7,2.9
2021-12-21,-3.0,2.4,-0.3
2021-12-22,-3.9,1.8,-1.05
2021-12-23,-4.2,1.9,-1.15
2021-12-24,-1.8,2.9,0.55
2021-12-25,1.8,5.4,3.6
2021-12-26,-0.8,5.8,2.5
2021-12-27,2.3,6.0,4.15
2021-12-28,2.7,6.3,4.5
2021-12-29,0.6,10.7,5.65
2021-12-30,3.2,9.9,6.55
2021-12-31,3.9,11.5,7.7
